agency_id,year_month,incident_type,n_calls
A001,2019-01,Civil Caretaking,4207
A001,2019-01,Offense Against Person,1012
A001,2019-01,Other,4417
A001,2019-01,Pedestrian Stop,407
A001,2019-01,Property Offense,1713
A001,2019-01,Public Order Offense,2192
A001,2019-01,Vehicle Stop,3333
A001,2019-01,Warrant,315
A001,2019-02,Civil Caretaking,4174
A001,2019-02,Offense Against Person,894
A001,2019-02,Other,4758
A001,2019-02,Pedestrian Stop,457
A001,2019-02,Property Offense,1702
A001,2019-02,Public Order Offense,2396
A001,2019-02,Vehicle Stop,3075
A001,2019-02,Warrant,353
A001,2019-03,Civil Caretaking,4083
A001,2019-03,Offense Against Person,1030
A001,2019-03,Other,4685
A001,2019-03,Pedestrian Stop,537
A001,2019-03,Property Offense,1696
A001,2019-03,Public Order Offense,2496
A001,2019-03,Vehicle Stop,2996
A001,2019-03,Warrant,406
A001,2019-04,Civil Caretaking,4094
A001,2019-04,Offense Against Person,1174
A001,2019-04,Other,4391
A001,2019-04,Pedestrian Stop,493
A001,2019-04,Property Offense,1805
A001,2019-04,Public Order Offense,2538
A001,2019-04,Vehicle Stop,3411
A001,2019-04,Warrant,356
A001,2019-05,Civil Caretaking,3673
A001,2019-05,Offense Against Person,1310
A001,2019-05,Other,4658
A001,2019-05,Pedestrian Stop,490
A001,2019-05,Property Offense,2087
A001,2019-05,Public Order Offense,2750
A001,2019-05,Vehicle Stop,3535
A001,2019-05,Warrant,339
A001,2019-06,Civil Caretaking,3515
A001,2019-06,Offense Against Person,1281
A001,2019-06,Other,4493
A001,2019-06,Pedestrian Stop,545
A001,2019-06,Property Offense,2138
A001,2019-06,Public Order Offense,3159
A001,2019-06,Vehicle Stop,3640
A001,2019-06,Warrant,313
A001,2019-07,Civil Caretaking,3358
A001,2019-07,Offense Against Person,1540
A001,2019-07,Other,5114
A001,2019-07,Pedestrian Stop,578
A001,2019-07,Property Offense,2057
A001,2019-07,Public Order Offense,3535
A001,2019-07,Vehicle Stop,3845
A001,2019-07,Warrant,411
A001,2019-08,Civil Caretaking,3824
A001,2019-08,Offense Against Person,1278
A001,2019-08,Other,4910
A001,2019-08,Pedestrian Stop,522
A001,2019-08,Property Offense,2274
A001,2019-08,Public Order Offense,2967
A001,2019-08,Vehicle Stop,3821
A001,2019-08,Warrant,414
A001,2019-09,Civil Caretaking,3498
A001,2019-09,Offense Against Person,1319
A001,2019-09,Other,4514
A001,2019-09,Pedestrian Stop,570
A001,2019-09,Property Offense,1931
A001,2019-09,Public Order Offense,3180
A001,2019-09,Vehicle Stop,4185
A001,2019-09,Warrant,381
A001,2019-10,Civil Caretaking,3741
A001,2019-10,Offense Against Person,970
A001,2019-10,Other,4692
A001,2019-10,Pedestrian Stop,524
A001,2019-10,Property Offense,2158
A001,2019-10,Public Order Offense,2728
A001,2019-10,Vehicle Stop,4129
A001,2019-10,Warrant,337
A001,2019-11,Civil Caretaking,4012
A001,2019-11,Offense Against Person,1051
A001,2019-11,Other,4421
A001,2019-11,Pedestrian Stop,506
A001,2019-11,Property Offense,1910
A001,2019-11,Public Order Offense,2518
A001,2019-11,Vehicle Stop,3801
A001,2019-11,Warrant,336
A001,2019-12,Civil Caretaking,4368
A001,2019-12,Offense Against Person,959
A001,2019-12,Other,4611
A001,2019-12,Pedestrian Stop,438
A001,2019-12,Property Offense,1869
A001,2019-12,Public Order Offense,2312
A001,2019-12,Vehicle Stop,3207
A001,2019-12,Warrant,326
A001,2020-01,Civil Caretaking,4624
A001,2020-01,Offense Against Person,919
A001,2020-01,Other,5254
A001,2020-01,Pedestrian Stop,442
A001,2020-01,Property Offense,1676
A001,2020-01,Public Order Offense,2283
A001,2020-01,Vehicle Stop,3231
A001,2020-01,Warrant,340
A001,2020-02,Civil Caretaking,3902
A001,2020-02,Offense Against Person,953
A001,2020-02,Other,4697
A001,2020-02,Pedestrian Stop,431
A001,2020-02,Property Offense,1652
A001,2020-02,Public Order Offense,2136
A001,2020-02,Vehicle Stop,3570
A001,2020-02,Warrant,371
A001,2020-03,Civil Caretaking,4546
A001,2020-03,Offense Against Person,1185
A001,2020-03,Other,4977
A001,2020-03,Pedestrian Stop,590
A001,2020-03,Property Offense,1464
A001,2020-03,Public Order Offense,2419
A001,2020-03,Vehicle Stop,3440
A001,2020-03,Warrant,376
A001,2020-04,Civil Caretaking,3800
A001,2020-04,Offense Against Person,1129
A001,2020-04,Other,4605
A001,2020-04,Pedestrian Stop,528
A001,2020-04,Property Offense,1811
A001,2020-04,Public Order Offense,3084
A001,2020-04,Vehicle Stop,3696
A001,2020-04,Warrant,385
A001,2020-05,Civil Caretaking,3602
A001,2020-05,Offense Against Person,1376
A001,2020-05,Other,4714
A001,2020-05,Pedestrian Stop,535
A001,2020-05,Property Offense,1930
A001,2020-05,Public Order Offense,3220
A001,2020-05,Vehicle Stop,3486
A001,2020-05,Warrant,405
A001,2020-06,Civil Caretaking,3593
A001,2020-06,Offense Against Person,1222
A001,2020-06,Other,5644
A001,2020-06,Pedestrian Stop,537
A001,2020-06,Property Offense,2023
A001,2020-06,Public Order Offense,3175
A001,2020-06,Vehicle Stop,3615
A001,2020-06,Warrant,350
A001,2020-07,Civil Caretaking,3908
A001,2020-07,Offense Against Person,1427
A001,2020-07,Other,5051
A001,2020-07,Pedestrian Stop,621
A001,2020-07,Property Offense,2085
A001,2020-07,Public Order Offense,3271
A001,2020-07,Vehicle Stop,4175
A001,2020-07,Warrant,379
A001,2020-08,Civil Caretaking,3219
A001,2020-08,Offense Against Person,1492
A001,2020-08,Other,5184
A001,2020-08,Pedestrian Stop,646
A001,2020-08,Property Offense,2317
A001,2020-08,Public Order Offense,3354
A001,2020-08,Vehicle Stop,4468
A001,2020-08,Warrant,341
A001,2020-09,Civil Caretaking,3652
A001,2020-09,Offense Against Person,1199
A001,2020-09,Other,4921
A001,2020-09,Pedestrian Stop,604
A001,2020-09,Property Offense,2432
A001,2020-09,Public Order Offense,3122
A001,2020-09,Vehicle Stop,3971
A001,2020-09,Warrant,363
A001,2020-10,Civil Caretaking,3996
A001,2020-10,Offense Against Person,1215
A001,2020-10,Other,5148
A001,2020-10,Pedestrian Stop,548
A001,2020-10,Property Offense,2040
A001,2020-10,Public Order Offense,2533
A001,2020-10,Vehicle Stop,4879
A001,2020-10,Warrant,366
A001,2020-11,Civil Caretaking,3667
A001,2020-11,Offense Against Person,1027
A001,2020-11,Other,4618
A001,2020-11,Pedestrian Stop,470
A001,2020-11,Property Offense,1900
A001,2020-11,Public Order Offense,2455
A001,2020-11,Vehicle Stop,3631
A001,2020-11,Warrant,314
A001,2020-12,Civil Caretaking,3844
A001,2020-12,Offense Against Person,958
A001,2020-12,Other,4691
A001,2020-12,Pedestrian Stop,462
A001,2020-12,Property Offense,1558
A001,2020-12,Public Order Offense,2172
A001,2020-12,Vehicle Stop,3506
A001,2020-12,Warrant,335
A001,2021-01,Civil Caretaking,4623
A001,2021-01,Offense Against Person,877
A001,2021-01,Other,4617
A001,2021-01,Pedestrian Stop,483
A001,2021-01,Property Offense,1786
A001,2021-01,Public Order Offense,2329
A001,2021-01,Vehicle Stop,3443
A001,2021-01,Warrant,307
A001,2021-02,Civil Caretaking,4441
A001,2021-02,Offense Against Person,957
A001,2021-02,Other,4229
A001,2021-02,Pedestrian Stop,409
A001,2021-02,Property Offense,1746
A001,2021-02,Public Order Offense,2294
A001,2021-02,Vehicle Stop,3149
A001,2021-02,Warrant,344
A001,2021-03,Civil Caretaking,4065
A001,2021-03,Offense Against Person,1048
A001,2021-03,Other,4633
A001,2021-03,Pedestrian Stop,568
A001,2021-03,Property Offense,1635
A001,2021-03,Public Order Offense,2395
A001,2021-03,Vehicle Stop,3352
A001,2021-03,Warrant,347
A001,2021-04,Civil Caretaking,3986
A001,2021-04,Offense Against Person,1289
A001,2021-04,Other,4423
A001,2021-04,Pedestrian Stop,539
A001,2021-04,Property Offense,1583
A001,2021-04,Public Order Offense,2717
A001,2021-04,Vehicle Stop,3617
A001,2021-04,Warrant,366
A001,2021-05,Civil Caretaking,3964
A001,2021-05,Offense Against Person,1437
A001,2021-05,Other,4874
A001,2021-05,Pedestrian Stop,530
A001,2021-05,Property Offense,1959
A001,2021-05,Public Order Offense,3291
A001,2021-05,Vehicle Stop,4904
A001,2021-05,Warrant,409
A001,2021-06,Civil Caretaking,3710
A001,2021-06,Offense Against Person,1355
A001,2021-06,Other,5246
A001,2021-06,Pedestrian Stop,641
A001,2021-06,Property Offense,1834
A001,2021-06,Public Order Offense,3256
A001,2021-06,Vehicle Stop,3883
A001,2021-06,Warrant,398
A001,2021-07,Civil Caretaking,3421
A001,2021-07,Offense Against Person,1486
A001,2021-07,Other,4975
A001,2021-07,Pedestrian Stop,601
A001,2021-07,Property Offense,2155
A001,2021-07,Public Order Offense,3452
A001,2021-07,Vehicle Stop,4360
A001,2021-07,Warrant,346
A001,2021-08,Civil Caretaking,3929
A001,2021-08,Offense Against Person,1555
A001,2021-08,Other,4980
A001,2021-08,Pedestrian Stop,717
A001,2021-08,Property Offense,2176
A001,2021-08,Public Order Offense,3249
A001,2021-08,Vehicle Stop,4075
A001,2021-08,Warrant,387
A001,2021-09,Civil Caretaking,3664
A001,2021-09,Offense Against Person,1248
A001,2021-09,Other,4951
A001,2021-09,Pedestrian Stop,569
A001,2021-09,Property Offense,2102
A001,2021-09,Public Order Offense,2979
A001,2021-09,Vehicle Stop,4194
A001,2021-09,Warrant,396
A001,2021-10,Civil Caretaking,4106
A001,2021-10,Offense Against Person,1320
A001,2021-10,Other,4668
A001,2021-10,Pedestrian Stop,540
A001,2021-10,Property Offense,2125
A001,2021-10,Public Order Offense,2677
A001,2021-10,Vehicle Stop,4085
A001,2021-10,Warrant,379
A001,2021-11,Civil Caretaking,4348
A001,2021-11,Offense Against Person,974
A001,2021-11,Other,4441
A001,2021-11,Pedestrian Stop,507
A001,2021-11,Property Offense,1898
A001,2021-11,Public Order Offense,2540
A001,2021-11,Vehicle Stop,3848
A001,2021-11,Warrant,396
A001,2021-12,Civil Caretaking,4589
A001,2021-12,Offense Against Person,1016
A001,2021-12,Other,4825
A001,2021-12,Pedestrian Stop,507
A001,2021-12,Property Offense,2065
A001,2021-12,Public Order Offense,2246
A001,2021-12,Vehicle Stop,3381
A001,2021-12,Warrant,373
A001,2022-01,Civil Caretaking,4173
A001,2022-01,Offense Against Person,897
A001,2022-01,Other,5008
A001,2022-01,Pedestrian Stop,449
A001,2022-01,Property Offense,1793
A001,2022-01,Public Order Offense,2239
A001,2022-01,Vehicle Stop,3670
A001,2022-01,Warrant,392
A001,2022-02,Civil Caretaking,3967
A001,2022-02,Offense Against Person,1069
A001,2022-02,Other,4614
A001,2022-02,Pedestrian Stop,494
A001,2022-02,Property Offense,1627
A001,2022-02,Public Order Offense,2561
A001,2022-02,Vehicle Stop,3801
A001,2022-02,Warrant,388
A001,2022-03,Civil Caretaking,4067
A001,2022-03,Offense Against Person,1042
A001,2022-03,Other,4956
A001,2022-03,Pedestrian Stop,485
A001,2022-03,Property Offense,1894
A001,2022-03,Public Order Offense,2563
A001,2022-03,Vehicle Stop,3750
A001,2022-03,Warrant,429
A001,2022-04,Civil Caretaking,4390
A001,2022-04,Offense Against Person,1147
A001,2022-04,Other,4825
A001,2022-04,Pedestrian Stop,484
A001,2022-04,Property Offense,1961
A001,2022-04,Public Order Offense,2955
A001,2022-04,Vehicle Stop,3557
A001,2022-04,Warrant,481
A001,2022-05,Civil Caretaking,3799
A001,2022-05,Offense Against Person,1390
A001,2022-05,Other,5240
A001,2022-05,Pedestrian Stop,595
A001,2022-05,Property Offense,1920
A001,2022-05,Public Order Offense,3051
A001,2022-05,Vehicle Stop,3779
A001,2022-05,Warrant,459
A001,2022-06,Civil Caretaking,4093
A001,2022-06,Offense Against Person,1371
A001,2022-06,Other,5062
A001,2022-06,Pedestrian Stop,585
A001,2022-06,Property Offense,2228
A001,2022-06,Public Order Offense,3198
A001,2022-06,Vehicle Stop,3989
A001,2022-06,Warrant,399
A001,2022-07,Civil Caretaking,3717
A001,2022-07,Offense Against Person,1530
A001,2022-07,Other,4856
A001,2022-07,Pedestrian Stop,633
A001,2022-07,Property Offense,2021
A001,2022-07,Public Order Offense,3594
A001,2022-07,Vehicle Stop,4169
A001,2022-07,Warrant,391
A001,2022-08,Civil Caretaking,3933
A001,2022-08,Offense Against Person,1308
A001,2022-08,Other,5719
A001,2022-08,Pedestrian Stop,668
A001,2022-08,Property Offense,2258
A001,2022-08,Public Order Offense,3652
A001,2022-08,Vehicle Stop,3982
A001,2022-08,Warrant,334
A001,2022-09,Civil Caretaking,3870
A001,2022-09,Offense Against Person,1258
A001,2022-09,Other,5033
A001,2022-09,Pedestrian Stop,573
A001,2022-09,Property Offense,2375
A001,2022-09,Public Order Offense,3131
A001,2022-09,Vehicle Stop,4239
A001,2022-09,Warrant,374
A001,2022-10,Civil Caretaking,3737
A001,2022-10,Offense Against Person,1143
A001,2022-10,Other,4905
A001,2022-10,Pedestrian Stop,539
A001,2022-10,Property Offense,2060
A001,2022-10,Public Order Offense,2388
A001,2022-10,Vehicle Stop,3876
A001,2022-10,Warrant,309
A001,2022-11,Civil Caretaking,4412
A001,2022-11,Offense Against Person,1045
A001,2022-11,Other,4998
A001,2022-11,Pedestrian Stop,547
A001,2022-11,Property Offense,2253
A001,2022-11,Public Order Offense,2796
A001,2022-11,Vehicle Stop,3915
A001,2022-11,Warrant,343
A001,2022-12,Civil Caretaking,4390
A001,2022-12,Offense Against Person,1047
A001,2022-12,Other,4668
A001,2022-12,Pedestrian Stop,478
A001,2022-12,Property Offense,1699
A001,2022-12,Public Order Offense,2506
A001,2022-12,Vehicle Stop,3908
A001,2022-12,Warrant,374
A001,2023-01,Civil Caretaking,4405
A001,2023-01,Offense Against Person,889
A001,2023-01,Other,4831
A001,2023-01,Pedestrian Stop,493
A001,2023-01,Property Offense,1468
A001,2023-01,Public Order Offense,2219
A001,2023-01,Vehicle Stop,3548
A001,2023-01,Warrant,381
A001,2023-02,Civil Caretaking,4325
A001,2023-02,Offense Against Person,998
A001,2023-02,Other,4994
A001,2023-02,Pedestrian Stop,468
A001,2023-02,Property Offense,1956
A001,2023-02,Public Order Offense,2456
A001,2023-02,Vehicle Stop,3333
A001,2023-02,Warrant,376
A001,2023-03,Civil Caretaking,4339
A001,2023-03,Offense Against Person,1162
A001,2023-03,Other,4994
A001,2023-03,Pedestrian Stop,527
A001,2023-03,Property Offense,1732
A001,2023-03,Public Order Offense,2684
A001,2023-03,Vehicle Stop,3403
A001,2023-03,Warrant,418
A001,2023-04,Civil Caretaking,4202
A001,2023-04,Offense Against Person,1335
A001,2023-04,Other,5150
A001,2023-04,Pedestrian Stop,538
A001,2023-04,Property Offense,1807
A001,2023-04,Public Order Offense,3163
A001,2023-04,Vehicle Stop,3842
A001,2023-04,Warrant,413
A001,2023-05,Civil Caretaking,4149
A001,2023-05,Offense Against Person,1287
A001,2023-05,Other,5777
A001,2023-05,Pedestrian Stop,608
A001,2023-05,Property Offense,2113
A001,2023-05,Public Order Offense,2905
A001,2023-05,Vehicle Stop,4294
A001,2023-05,Warrant,346
A001,2023-06,Civil Caretaking,3753
A001,2023-06,Offense Against Person,1578
A001,2023-06,Other,6091
A001,2023-06,Pedestrian Stop,607
A001,2023-06,Property Offense,2224
A001,2023-06,Public Order Offense,3301
A001,2023-06,Vehicle Stop,3897
A001,2023-06,Warrant,414
A001,2023-07,Civil Caretaking,3546
A001,2023-07,Offense Against Person,1225
A001,2023-07,Other,5607
A001,2023-07,Pedestrian Stop,621
A001,2023-07,Property Offense,2428
A001,2023-07,Public Order Offense,3100
A001,2023-07,Vehicle Stop,4558
A001,2023-07,Warrant,354
A001,2023-08,Civil Caretaking,3666
A001,2023-08,Offense Against Person,1532
A001,2023-08,Other,5269
A001,2023-08,Pedestrian Stop,596
A001,2023-08,Property Offense,2434
A001,2023-08,Public Order Offense,2762
A001,2023-08,Vehicle Stop,4191
A001,2023-08,Warrant,360
A001,2023-09,Civil Caretaking,4394
A001,2023-09,Offense Against Person,1520
A001,2023-09,Other,5111
A001,2023-09,Pedestrian Stop,537
A001,2023-09,Property Offense,2407
A001,2023-09,Public Order Offense,3145
A001,2023-09,Vehicle Stop,4230
A001,2023-09,Warrant,382
A001,2023-10,Civil Caretaking,4203
A001,2023-10,Offense Against Person,1225
A001,2023-10,Other,5193
A001,2023-10,Pedestrian Stop,482
A001,2023-10,Property Offense,1953
A001,2023-10,Public Order Offense,2855
A001,2023-10,Vehicle Stop,4035
A001,2023-10,Warrant,350
A001,2023-11,Civil Caretaking,4779
A001,2023-11,Offense Against Person,1142
A001,2023-11,Other,5076
A001,2023-11,Pedestrian Stop,484
A001,2023-11,Property Offense,2162
A001,2023-11,Public Order Offense,2432
A001,2023-11,Vehicle Stop,3811
A001,2023-11,Warrant,358
A001,2023-12,Civil Caretaking,4579
A001,2023-12,Offense Against Person,868
A001,2023-12,Other,5285
A001,2023-12,Pedestrian Stop,486
A001,2023-12,Property Offense,1694
A001,2023-12,Public Order Offense,2576
A001,2023-12,Vehicle Stop,3749
A001,2023-12,Warrant,344
A001,2024-01,Civil Caretaking,4448
A001,2024-01,Offense Against Person,913
A001,2024-01,Other,4439
A001,2024-01,Pedestrian Stop,423
A001,2024-01,Property Offense,1893
A001,2024-01,Public Order Offense,2237
A001,2024-01,Vehicle Stop,3346
A001,2024-01,Warrant,367
A001,2024-02,Civil Caretaking,4465
A001,2024-02,Offense Against Person,1073
A001,2024-02,Other,4444
A001,2024-02,Pedestrian Stop,472
A001,2024-02,Property Offense,1764
A001,2024-02,Public Order Offense,2219
A001,2024-02,Vehicle Stop,3357
A001,2024-02,Warrant,408
A001,2024-03,Civil Caretaking,5021
A001,2024-03,Offense Against Person,1167
A001,2024-03,Other,4354
A001,2024-03,Pedestrian Stop,580
A001,2024-03,Property Offense,1764
A001,2024-03,Public Order Offense,2753
A001,2024-03,Vehicle Stop,3699
A001,2024-03,Warrant,408
A001,2024-04,Civil Caretaking,3914
A001,2024-04,Offense Against Person,1211
A001,2024-04,Other,4826
A001,2024-04,Pedestrian Stop,546
A001,2024-04,Property Offense,1834
A001,2024-04,Public Order Offense,2936
A001,2024-04,Vehicle Stop,3703
A001,2024-04,Warrant,461
A001,2024-05,Civil Caretaking,3829
A001,2024-05,Offense Against Person,1469
A001,2024-05,Other,4888
A001,2024-05,Pedestrian Stop,602
A001,2024-05,Property Offense,1906
A001,2024-05,Public Order Offense,3379
A001,2024-05,Vehicle Stop,4768
A001,2024-05,Warrant,342
A001,2024-06,Civil Caretaking,3854
A001,2024-06,Offense Against Person,1418
A001,2024-06,Other,5285
A001,2024-06,Pedestrian Stop,726
A001,2024-06,Property Offense,2041
A001,2024-06,Public Order Offense,3226
A001,2024-06,Vehicle Stop,4777
A001,2024-06,Warrant,370
A001,2024-07,Civil Caretaking,4213
A001,2024-07,Offense Against Person,1624
A001,2024-07,Other,4989
A001,2024-07,Pedestrian Stop,698
A001,2024-07,Property Offense,2341
A001,2024-07,Public Order Offense,3059
A001,2024-07,Vehicle Stop,4016
A001,2024-07,Warrant,430
A001,2024-08,Civil Caretaking,3780
A001,2024-08,Offense Against Person,1455
A001,2024-08,Other,4847
A001,2024-08,Pedestrian Stop,652
A001,2024-08,Property Offense,2233
A001,2024-08,Public Order Offense,3488
A001,2024-08,Vehicle Stop,4988
A001,2024-08,Warrant,412
A001,2024-09,Civil Caretaking,4209
A001,2024-09,Offense Against Person,1344
A001,2024-09,Other,5179
A001,2024-09,Pedestrian Stop,567
A001,2024-09,Property Offense,2107
A001,2024-09,Public Order Offense,3262
A001,2024-09,Vehicle Stop,4265
A001,2024-09,Warrant,427
A001,2024-10,Civil Caretaking,4221
A001,2024-10,Offense Against Person,1283
A001,2024-10,Other,5042
A001,2024-10,Pedestrian Stop,504
A001,2024-10,Property Offense,2259
A001,2024-10,Public Order Offense,2819
A001,2024-10,Vehicle Stop,4186
A001,2024-10,Warrant,361
A001,2024-11,Civil Caretaking,4106
A001,2024-11,Offense Against Person,1156
A001,2024-11,Other,4946
A001,2024-11,Pedestrian Stop,505
A001,2024-11,Property Offense,2303
A001,2024-11,Public Order Offense,2393
A001,2024-11,Vehicle Stop,3574
A001,2024-11,Warrant,351
A001,2024-12,Civil Caretaking,4193
A001,2024-12,Offense Against Person,1028
A001,2024-12,Other,5236
A001,2024-12,Pedestrian Stop,487
A001,2024-12,Property Offense,1847
A001,2024-12,Public Order Offense,2377
A001,2024-12,Vehicle Stop,3841
A001,2024-12,Warrant,360
A001,2025-01,Civil Caretaking,4624
A001,2025-01,Offense Against Person,780
A001,2025-01,Other,4836
A001,2025-01,Pedestrian Stop,448
A001,2025-01,Property Offense,1889
A001,2025-01,Public Order Offense,2087
A001,2025-01,Vehicle Stop,3593
A001,2025-01,Warrant,423
A001,2025-02,Civil Caretaking,4663
A001,2025-02,Offense Against Person,905
A001,2025-02,Other,5111
A001,2025-02,Pedestrian Stop,494
A001,2025-02,Property Offense,1745
A001,2025-02,Public Order Offense,2577
A001,2025-02,Vehicle Stop,3474
A001,2025-02,Warrant,430
A001,2025-03,Civil Caretaking,4184
A001,2025-03,Offense Against Person,1247
A001,2025-03,Other,5453
A001,2025-03,Pedestrian Stop,498
A001,2025-03,Property Offense,1950
A001,2025-03,Public Order Offense,2649
A001,2025-03,Vehicle Stop,3890
A001,2025-03,Warrant,428
A001,2025-04,Civil Caretaking,4206
A001,2025-04,Offense Against Person,1314
A001,2025-04,Other,5119
A001,2025-04,Pedestrian Stop,567
A001,2025-04,Property Offense,1860
A001,2025-04,Public Order Offense,2989
A001,2025-04,Vehicle Stop,4246
A001,2025-04,Warrant,396
A001,2025-05,Civil Caretaking,3916
A001,2025-05,Offense Against Person,1340
A001,2025-05,Other,6378
A001,2025-05,Pedestrian Stop,598
A001,2025-05,Property Offense,1998
A001,2025-05,Public Order Offense,3235
A001,2025-05,Vehicle Stop,4031
A001,2025-05,Warrant,404
A001,2025-06,Civil Caretaking,3987
A001,2025-06,Offense Against Person,1525
A001,2025-06,Other,5852
A001,2025-06,Pedestrian Stop,640
A001,2025-06,Property Offense,2350
A001,2025-06,Public Order Offense,3248
A001,2025-06,Vehicle Stop,4324
A001,2025-06,Warrant,368
A001,2025-07,Civil Caretaking,4186
A001,2025-07,Offense Against Person,1530
A001,2025-07,Other,4968
A001,2025-07,Pedestrian Stop,662
A001,2025-07,Property Offense,2154
A001,2025-07,Public Order Offense,3696
A001,2025-07,Vehicle Stop,4546
A001,2025-07,Warrant,435
A001,2025-08,Civil Caretaking,3678
A001,2025-08,Offense Against Person,1615
A001,2025-08,Other,5637
A001,2025-08,Pedestrian Stop,646
A001,2025-08,Property Offense,2298
A001,2025-08,Public Order Offense,3372
A001,2025-08,Vehicle Stop,4707
A001,2025-08,Warrant,374
A001,2025-09,Civil Caretaking,4323
A001,2025-09,Offense Against Person,1379
A001,2025-09,Other,5414
A001,2025-09,Pedestrian Stop,525
A001,2025-09,Property Offense,2310
A001,2025-09,Public Order Offense,2982
A001,2025-09,Vehicle Stop,4583
A001,2025-09,Warrant,372
A001,2025-10,Civil Caretaking,4118
A001,2025-10,Offense Against Person,1436
A001,2025-10,Other,4694
A001,2025-10,Pedestrian Stop,609
A001,2025-10,Property Offense,2526
A001,2025-10,Public Order Offense,2709
A001,2025-10,Vehicle Stop,4269
A001,2025-10,Warrant,359
A001,2025-11,Civil Caretaking,4163
A001,2025-11,Offense Against Person,1005
A001,2025-11,Other,5043
A001,2025-11,Pedestrian Stop,535
A001,2025-11,Property Offense,2069
A001,2025-11,Public Order Offense,2362
A001,2025-11,Vehicle Stop,4205
A001,2025-11,Warrant,362
A001,2025-12,Civil Caretaking,4619
A001,2025-12,Offense Against Person,951
A001,2025-12,Other,5172
A001,2025-12,Pedestrian Stop,517
A001,2025-12,Property Offense,1927
A001,2025-12,Public Order Offense,2320
A001,2025-12,Vehicle Stop,3645
A001,2025-12,Warrant,347
A001,2026-01,Civil Caretaking,4287
A001,2026-01,Offense Against Person,972
A001,2026-01,Other,4835
A001,2026-01,Pedestrian Stop,540
A001,2026-01,Property Offense,1837
A001,2026-01,Public Order Offense,2197
A001,2026-01,Vehicle Stop,3357
A001,2026-01,Warrant,392
A001,2026-02,Civil Caretaking,4698
A001,2026-02,Offense Against Person,1055
A001,2026-02,Other,5116
A001,2026-02,Pedestrian Stop,475
A001,2026-02,Property Offense,1898
A001,2026-02,Public Order Offense,2445
A001,2026-02,Vehicle Stop,3424
A001,2026-02,Warrant,390
A001,2026-03,Civil Caretaking,4630
A001,2026-03,Offense Against Person,1150
A001,2026-03,Other,4753
A001,2026-03,Pedestrian Stop,517
A001,2026-03,Property Offense,1990
A001,2026-03,Public Order Offense,2729
A001,2026-03,Vehicle Stop,3819
A001,2026-03,Warrant,392
A001,2026-04,Civil Caretaking,4259
A001,2026-04,Offense Against Person,1265
A001,2026-04,Other,5726
A001,2026-04,Pedestrian Stop,576
A001,2026-04,Property Offense,2071
A001,2026-04,Public Order Offense,2974
A001,2026-04,Vehicle Stop,3571
A001,2026-04,Warrant,420
A001,2026-05,Civil Caretaking,2509
A001,2026-05,Offense Against Person,1065
A001,2026-05,Other,4256
A001,2026-05,Pedestrian Stop,483
A001,2026-05,Property Offense,1499
A001,2026-05,Public Order Offense,2230
A001,2026-05,Vehicle Stop,3158
A001,2026-05,Warrant,302
A001,2026-06,Civil Caretaking,1687
A001,2026-06,Offense Against Person,681
A001,2026-06,Other,2393
A001,2026-06,Pedestrian Stop,296
A001,2026-06,Property Offense,1063
A001,2026-06,Public Order Offense,1401
A001,2026-06,Vehicle Stop,1915
A001,2026-06,Warrant,179
A002,2019-01,Civil Caretaking,1942
A002,2019-01,Offense Against Person,455
A002,2019-01,Other,2253
A002,2019-01,Pedestrian Stop,190
A002,2019-01,Property Offense,738
A002,2019-01,Public Order Offense,1006
A002,2019-01,Vehicle Stop,1454
A002,2019-01,Warrant,160
A002,2019-02,Civil Caretaking,1814
A002,2019-02,Offense Against Person,395
A002,2019-02,Other,2030
A002,2019-02,Pedestrian Stop,206
A002,2019-02,Property Offense,784
A002,2019-02,Public Order Offense,1026
A002,2019-02,Vehicle Stop,1517
A002,2019-02,Warrant,179
A002,2019-03,Civil Caretaking,2017
A002,2019-03,Offense Against Person,476
A002,2019-03,Other,2160
A002,2019-03,Pedestrian Stop,231
A002,2019-03,Property Offense,779
A002,2019-03,Public Order Offense,1155
A002,2019-03,Vehicle Stop,1599
A002,2019-03,Warrant,195
A002,2019-04,Civil Caretaking,1820
A002,2019-04,Offense Against Person,572
A002,2019-04,Other,2137
A002,2019-04,Pedestrian Stop,240
A002,2019-04,Property Offense,876
A002,2019-04,Public Order Offense,1312
A002,2019-04,Vehicle Stop,1707
A002,2019-04,Warrant,152
A002,2019-05,Civil Caretaking,1611
A002,2019-05,Offense Against Person,599
A002,2019-05,Other,2171
A002,2019-05,Pedestrian Stop,234
A002,2019-05,Property Offense,915
A002,2019-05,Public Order Offense,1328
A002,2019-05,Vehicle Stop,1620
A002,2019-05,Warrant,138
A002,2019-06,Civil Caretaking,1722
A002,2019-06,Offense Against Person,624
A002,2019-06,Other,2203
A002,2019-06,Pedestrian Stop,282
A002,2019-06,Property Offense,983
A002,2019-06,Public Order Offense,1370
A002,2019-06,Vehicle Stop,1796
A002,2019-06,Warrant,180
A002,2019-07,Civil Caretaking,1740
A002,2019-07,Offense Against Person,643
A002,2019-07,Other,2121
A002,2019-07,Pedestrian Stop,301
A002,2019-07,Property Offense,913
A002,2019-07,Public Order Offense,1442
A002,2019-07,Vehicle Stop,1953
A002,2019-07,Warrant,156
A002,2019-08,Civil Caretaking,1759
A002,2019-08,Offense Against Person,684
A002,2019-08,Other,2330
A002,2019-08,Pedestrian Stop,250
A002,2019-08,Property Offense,872
A002,2019-08,Public Order Offense,1441
A002,2019-08,Vehicle Stop,1964
A002,2019-08,Warrant,159
A002,2019-09,Civil Caretaking,1752
A002,2019-09,Offense Against Person,610
A002,2019-09,Other,2242
A002,2019-09,Pedestrian Stop,295
A002,2019-09,Property Offense,1005
A002,2019-09,Public Order Offense,1494
A002,2019-09,Vehicle Stop,1861
A002,2019-09,Warrant,172
A002,2019-10,Civil Caretaking,1980
A002,2019-10,Offense Against Person,525
A002,2019-10,Other,2189
A002,2019-10,Pedestrian Stop,245
A002,2019-10,Property Offense,832
A002,2019-10,Public Order Offense,1192
A002,2019-10,Vehicle Stop,1712
A002,2019-10,Warrant,155
A002,2019-11,Civil Caretaking,1805
A002,2019-11,Offense Against Person,437
A002,2019-11,Other,2077
A002,2019-11,Pedestrian Stop,224
A002,2019-11,Property Offense,772
A002,2019-11,Public Order Offense,1075
A002,2019-11,Vehicle Stop,1766
A002,2019-11,Warrant,153
A002,2019-12,Civil Caretaking,2063
A002,2019-12,Offense Against Person,460
A002,2019-12,Other,2059
A002,2019-12,Pedestrian Stop,193
A002,2019-12,Property Offense,821
A002,2019-12,Public Order Offense,1151
A002,2019-12,Vehicle Stop,1678
A002,2019-12,Warrant,139
A002,2020-01,Civil Caretaking,1915
A002,2020-01,Offense Against Person,428
A002,2020-01,Other,2063
A002,2020-01,Pedestrian Stop,223
A002,2020-01,Property Offense,867
A002,2020-01,Public Order Offense,1034
A002,2020-01,Vehicle Stop,1444
A002,2020-01,Warrant,171
A002,2020-02,Civil Caretaking,1878
A002,2020-02,Offense Against Person,432
A002,2020-02,Other,1892
A002,2020-02,Pedestrian Stop,213
A002,2020-02,Property Offense,680
A002,2020-02,Public Order Offense,813
A002,2020-02,Vehicle Stop,1422
A002,2020-02,Warrant,141
A002,2020-03,Civil Caretaking,1771
A002,2020-03,Offense Against Person,478
A002,2020-03,Other,2119
A002,2020-03,Pedestrian Stop,197
A002,2020-03,Property Offense,869
A002,2020-03,Public Order Offense,1184
A002,2020-03,Vehicle Stop,1642
A002,2020-03,Warrant,155
A002,2020-04,Civil Caretaking,1680
A002,2020-04,Offense Against Person,558
A002,2020-04,Other,2101
A002,2020-04,Pedestrian Stop,229
A002,2020-04,Property Offense,803
A002,2020-04,Public Order Offense,1236
A002,2020-04,Vehicle Stop,1596
A002,2020-04,Warrant,157
A002,2020-05,Civil Caretaking,1700
A002,2020-05,Offense Against Person,627
A002,2020-05,Other,2011
A002,2020-05,Pedestrian Stop,254
A002,2020-05,Property Offense,1039
A002,2020-05,Public Order Offense,1329
A002,2020-05,Vehicle Stop,1603
A002,2020-05,Warrant,185
A002,2020-06,Civil Caretaking,1684
A002,2020-06,Offense Against Person,641
A002,2020-06,Other,2256
A002,2020-06,Pedestrian Stop,267
A002,2020-06,Property Offense,1055
A002,2020-06,Public Order Offense,1765
A002,2020-06,Vehicle Stop,1871
A002,2020-06,Warrant,159
A002,2020-07,Civil Caretaking,1626
A002,2020-07,Offense Against Person,706
A002,2020-07,Other,2204
A002,2020-07,Pedestrian Stop,246
A002,2020-07,Property Offense,914
A002,2020-07,Public Order Offense,1591
A002,2020-07,Vehicle Stop,1834
A002,2020-07,Warrant,170
A002,2020-08,Civil Caretaking,1599
A002,2020-08,Offense Against Person,587
A002,2020-08,Other,2311
A002,2020-08,Pedestrian Stop,270
A002,2020-08,Property Offense,1042
A002,2020-08,Public Order Offense,1351
A002,2020-08,Vehicle Stop,1856
A002,2020-08,Warrant,130
A002,2020-09,Civil Caretaking,1772
A002,2020-09,Offense Against Person,569
A002,2020-09,Other,2388
A002,2020-09,Pedestrian Stop,259
A002,2020-09,Property Offense,941
A002,2020-09,Public Order Offense,1213
A002,2020-09,Vehicle Stop,1913
A002,2020-09,Warrant,143
A002,2020-10,Civil Caretaking,2005
A002,2020-10,Offense Against Person,523
A002,2020-10,Other,2287
A002,2020-10,Pedestrian Stop,236
A002,2020-10,Property Offense,891
A002,2020-10,Public Order Offense,1241
A002,2020-10,Vehicle Stop,1846
A002,2020-10,Warrant,162
A002,2020-11,Civil Caretaking,1829
A002,2020-11,Offense Against Person,516
A002,2020-11,Other,2140
A002,2020-11,Pedestrian Stop,215
A002,2020-11,Property Offense,931
A002,2020-11,Public Order Offense,1092
A002,2020-11,Vehicle Stop,1815
A002,2020-11,Warrant,174
A002,2020-12,Civil Caretaking,1907
A002,2020-12,Offense Against Person,410
A002,2020-12,Other,2035
A002,2020-12,Pedestrian Stop,192
A002,2020-12,Property Offense,836
A002,2020-12,Public Order Offense,1104
A002,2020-12,Vehicle Stop,1536
A002,2020-12,Warrant,169
A002,2021-01,Civil Caretaking,2037
A002,2021-01,Offense Against Person,407
A002,2021-01,Other,1990
A002,2021-01,Pedestrian Stop,204
A002,2021-01,Property Offense,754
A002,2021-01,Public Order Offense,1010
A002,2021-01,Vehicle Stop,1505
A002,2021-01,Warrant,178
A002,2021-02,Civil Caretaking,1819
A002,2021-02,Offense Against Person,434
A002,2021-02,Other,2296
A002,2021-02,Pedestrian Stop,188
A002,2021-02,Property Offense,750
A002,2021-02,Public Order Offense,1110
A002,2021-02,Vehicle Stop,1593
A002,2021-02,Warrant,186
A002,2021-03,Civil Caretaking,1870
A002,2021-03,Offense Against Person,426
A002,2021-03,Other,2242
A002,2021-03,Pedestrian Stop,250
A002,2021-03,Property Offense,730
A002,2021-03,Public Order Offense,1178
A002,2021-03,Vehicle Stop,1613
A002,2021-03,Warrant,161
A002,2021-04,Civil Caretaking,1928
A002,2021-04,Offense Against Person,642
A002,2021-04,Other,2371
A002,2021-04,Pedestrian Stop,256
A002,2021-04,Property Offense,886
A002,2021-04,Public Order Offense,1348
A002,2021-04,Vehicle Stop,1715
A002,2021-04,Warrant,176
A002,2021-05,Civil Caretaking,1662
A002,2021-05,Offense Against Person,618
A002,2021-05,Other,2395
A002,2021-05,Pedestrian Stop,255
A002,2021-05,Property Offense,941
A002,2021-05,Public Order Offense,1478
A002,2021-05,Vehicle Stop,1700
A002,2021-05,Warrant,200
A002,2021-06,Civil Caretaking,1741
A002,2021-06,Offense Against Person,639
A002,2021-06,Other,2379
A002,2021-06,Pedestrian Stop,266
A002,2021-06,Property Offense,1005
A002,2021-06,Public Order Offense,3236
A002,2021-06,Vehicle Stop,1878
A002,2021-06,Warrant,159
A002,2021-07,Civil Caretaking,1669
A002,2021-07,Offense Against Person,710
A002,2021-07,Other,2496
A002,2021-07,Pedestrian Stop,302
A002,2021-07,Property Offense,1063
A002,2021-07,Public Order Offense,1459
A002,2021-07,Vehicle Stop,1773
A002,2021-07,Warrant,187
A002,2021-08,Civil Caretaking,1838
A002,2021-08,Offense Against Person,650
A002,2021-08,Other,2544
A002,2021-08,Pedestrian Stop,290
A002,2021-08,Property Offense,1143
A002,2021-08,Public Order Offense,1493
A002,2021-08,Vehicle Stop,2369
A002,2021-08,Warrant,158
A002,2021-09,Civil Caretaking,1496
A002,2021-09,Offense Against Person,590
A002,2021-09,Other,2332
A002,2021-09,Pedestrian Stop,263
A002,2021-09,Property Offense,1027
A002,2021-09,Public Order Offense,1386
A002,2021-09,Vehicle Stop,1939
A002,2021-09,Warrant,147
A002,2021-10,Civil Caretaking,1801
A002,2021-10,Offense Against Person,504
A002,2021-10,Other,2227
A002,2021-10,Pedestrian Stop,286
A002,2021-10,Property Offense,1108
A002,2021-10,Public Order Offense,1227
A002,2021-10,Vehicle Stop,2066
A002,2021-10,Warrant,135
A002,2021-11,Civil Caretaking,1982
A002,2021-11,Offense Against Person,519
A002,2021-11,Other,2101
A002,2021-11,Pedestrian Stop,209
A002,2021-11,Property Offense,859
A002,2021-11,Public Order Offense,1207
A002,2021-11,Vehicle Stop,1773
A002,2021-11,Warrant,123
A002,2021-12,Civil Caretaking,2063
A002,2021-12,Offense Against Person,415
A002,2021-12,Other,2028
A002,2021-12,Pedestrian Stop,199
A002,2021-12,Property Offense,876
A002,2021-12,Public Order Offense,1115
A002,2021-12,Vehicle Stop,1711
A002,2021-12,Warrant,157
A002,2022-01,Civil Caretaking,1894
A002,2022-01,Offense Against Person,448
A002,2022-01,Other,2045
A002,2022-01,Pedestrian Stop,185
A002,2022-01,Property Offense,827
A002,2022-01,Public Order Offense,1128
A002,2022-01,Vehicle Stop,1548
A002,2022-01,Warrant,215
A002,2022-02,Civil Caretaking,2008
A002,2022-02,Offense Against Person,441
A002,2022-02,Other,2297
A002,2022-02,Pedestrian Stop,210
A002,2022-02,Property Offense,792
A002,2022-02,Public Order Offense,919
A002,2022-02,Vehicle Stop,1561
A002,2022-02,Warrant,201
A002,2022-03,Civil Caretaking,1888
A002,2022-03,Offense Against Person,504
A002,2022-03,Other,2289
A002,2022-03,Pedestrian Stop,240
A002,2022-03,Property Offense,743
A002,2022-03,Public Order Offense,1085
A002,2022-03,Vehicle Stop,1486
A002,2022-03,Warrant,191
A002,2022-04,Civil Caretaking,1907
A002,2022-04,Offense Against Person,495
A002,2022-04,Other,2489
A002,2022-04,Pedestrian Stop,219
A002,2022-04,Property Offense,806
A002,2022-04,Public Order Offense,1207
A002,2022-04,Vehicle Stop,1676
A002,2022-04,Warrant,177
A002,2022-05,Civil Caretaking,1724
A002,2022-05,Offense Against Person,572
A002,2022-05,Other,2192
A002,2022-05,Pedestrian Stop,255
A002,2022-05,Property Offense,912
A002,2022-05,Public Order Offense,1413
A002,2022-05,Vehicle Stop,1731
A002,2022-05,Warrant,211
A002,2022-06,Civil Caretaking,1684
A002,2022-06,Offense Against Person,743
A002,2022-06,Other,2248
A002,2022-06,Pedestrian Stop,290
A002,2022-06,Property Offense,1047
A002,2022-06,Public Order Offense,1516
A002,2022-06,Vehicle Stop,1967
A002,2022-06,Warrant,181
A002,2022-07,Civil Caretaking,1620
A002,2022-07,Offense Against Person,707
A002,2022-07,Other,2393
A002,2022-07,Pedestrian Stop,326
A002,2022-07,Property Offense,1036
A002,2022-07,Public Order Offense,1547
A002,2022-07,Vehicle Stop,1850
A002,2022-07,Warrant,185
A002,2022-08,Civil Caretaking,1825
A002,2022-08,Offense Against Person,668
A002,2022-08,Other,2248
A002,2022-08,Pedestrian Stop,313
A002,2022-08,Property Offense,1045
A002,2022-08,Public Order Offense,1591
A002,2022-08,Vehicle Stop,1979
A002,2022-08,Warrant,187
A002,2022-09,Civil Caretaking,2006
A002,2022-09,Offense Against Person,586
A002,2022-09,Other,2109
A002,2022-09,Pedestrian Stop,257
A002,2022-09,Property Offense,1081
A002,2022-09,Public Order Offense,1428
A002,2022-09,Vehicle Stop,1952
A002,2022-09,Warrant,142
A002,2022-10,Civil Caretaking,1912
A002,2022-10,Offense Against Person,599
A002,2022-10,Other,2139
A002,2022-10,Pedestrian Stop,230
A002,2022-10,Property Offense,916
A002,2022-10,Public Order Offense,1393
A002,2022-10,Vehicle Stop,1732
A002,2022-10,Warrant,180
A002,2022-11,Civil Caretaking,1722
A002,2022-11,Offense Against Person,491
A002,2022-11,Other,2226
A002,2022-11,Pedestrian Stop,211
A002,2022-11,Property Offense,892
A002,2022-11,Public Order Offense,1155
A002,2022-11,Vehicle Stop,1743
A002,2022-11,Warrant,178
A002,2022-12,Civil Caretaking,2206
A002,2022-12,Offense Against Person,431
A002,2022-12,Other,2002
A002,2022-12,Pedestrian Stop,207
A002,2022-12,Property Offense,855
A002,2022-12,Public Order Offense,1025
A002,2022-12,Vehicle Stop,1667
A002,2022-12,Warrant,168
A002,2023-01,Civil Caretaking,1912
A002,2023-01,Offense Against Person,455
A002,2023-01,Other,2000
A002,2023-01,Pedestrian Stop,210
A002,2023-01,Property Offense,817
A002,2023-01,Public Order Offense,1091
A002,2023-01,Vehicle Stop,1673
A002,2023-01,Warrant,155
A002,2023-02,Civil Caretaking,1881
A002,2023-02,Offense Against Person,408
A002,2023-02,Other,2169
A002,2023-02,Pedestrian Stop,213
A002,2023-02,Property Offense,868
A002,2023-02,Public Order Offense,1048
A002,2023-02,Vehicle Stop,1578
A002,2023-02,Warrant,191
A002,2023-03,Civil Caretaking,1939
A002,2023-03,Offense Against Person,526
A002,2023-03,Other,2193
A002,2023-03,Pedestrian Stop,233
A002,2023-03,Property Offense,779
A002,2023-03,Public Order Offense,1124
A002,2023-03,Vehicle Stop,1431
A002,2023-03,Warrant,166
A002,2023-04,Civil Caretaking,1818
A002,2023-04,Offense Against Person,633
A002,2023-04,Other,2344
A002,2023-04,Pedestrian Stop,253
A002,2023-04,Property Offense,894
A002,2023-04,Public Order Offense,1064
A002,2023-04,Vehicle Stop,1780
A002,2023-04,Warrant,183
A002,2023-05,Civil Caretaking,1743
A002,2023-05,Offense Against Person,602
A002,2023-05,Other,2717
A002,2023-05,Pedestrian Stop,244
A002,2023-05,Property Offense,849
A002,2023-05,Public Order Offense,1424
A002,2023-05,Vehicle Stop,1847
A002,2023-05,Warrant,175
A002,2023-06,Civil Caretaking,1888
A002,2023-06,Offense Against Person,660
A002,2023-06,Other,2447
A002,2023-06,Pedestrian Stop,285
A002,2023-06,Property Offense,1090
A002,2023-06,Public Order Offense,1563
A002,2023-06,Vehicle Stop,2140
A002,2023-06,Warrant,184
A002,2023-07,Civil Caretaking,1642
A002,2023-07,Offense Against Person,648
A002,2023-07,Other,2598
A002,2023-07,Pedestrian Stop,300
A002,2023-07,Property Offense,1077
A002,2023-07,Public Order Offense,1517
A002,2023-07,Vehicle Stop,1935
A002,2023-07,Warrant,213
A002,2023-08,Civil Caretaking,1848
A002,2023-08,Offense Against Person,697
A002,2023-08,Other,2358
A002,2023-08,Pedestrian Stop,277
A002,2023-08,Property Offense,1153
A002,2023-08,Public Order Offense,1427
A002,2023-08,Vehicle Stop,2312
A002,2023-08,Warrant,188
A002,2023-09,Civil Caretaking,1822
A002,2023-09,Offense Against Person,616
A002,2023-09,Other,2281
A002,2023-09,Pedestrian Stop,274
A002,2023-09,Property Offense,1101
A002,2023-09,Public Order Offense,1499
A002,2023-09,Vehicle Stop,2175
A002,2023-09,Warrant,167
A002,2023-10,Civil Caretaking,2023
A002,2023-10,Offense Against Person,522
A002,2023-10,Other,2378
A002,2023-10,Pedestrian Stop,245
A002,2023-10,Property Offense,1020
A002,2023-10,Public Order Offense,1389
A002,2023-10,Vehicle Stop,1853
A002,2023-10,Warrant,151
A002,2023-11,Civil Caretaking,1928
A002,2023-11,Offense Against Person,525
A002,2023-11,Other,2310
A002,2023-11,Pedestrian Stop,222
A002,2023-11,Property Offense,891
A002,2023-11,Public Order Offense,1182
A002,2023-11,Vehicle Stop,1837
A002,2023-11,Warrant,150
A002,2023-12,Civil Caretaking,1970
A002,2023-12,Offense Against Person,462
A002,2023-12,Other,2189
A002,2023-12,Pedestrian Stop,230
A002,2023-12,Property Offense,835
A002,2023-12,Public Order Offense,1088
A002,2023-12,Vehicle Stop,1782
A002,2023-12,Warrant,173
A002,2024-01,Civil Caretaking,1923
A002,2024-01,Offense Against Person,486
A002,2024-01,Other,2244
A002,2024-01,Pedestrian Stop,207
A002,2024-01,Property Offense,842
A002,2024-01,Public Order Offense,940
A002,2024-01,Vehicle Stop,1534
A002,2024-01,Warrant,156
A002,2024-02,Civil Caretaking,2068
A002,2024-02,Offense Against Person,502
A002,2024-02,Other,2056
A002,2024-02,Pedestrian Stop,204
A002,2024-02,Property Offense,890
A002,2024-02,Public Order Offense,1012
A002,2024-02,Vehicle Stop,1616
A002,2024-02,Warrant,146
A002,2024-03,Civil Caretaking,2178
A002,2024-03,Offense Against Person,507
A002,2024-03,Other,2346
A002,2024-03,Pedestrian Stop,224
A002,2024-03,Property Offense,850
A002,2024-03,Public Order Offense,1101
A002,2024-03,Vehicle Stop,1801
A002,2024-03,Warrant,180
A002,2024-04,Civil Caretaking,1854
A002,2024-04,Offense Against Person,526
A002,2024-04,Other,2385
A002,2024-04,Pedestrian Stop,232
A002,2024-04,Property Offense,927
A002,2024-04,Public Order Offense,1398
A002,2024-04,Vehicle Stop,1738
A002,2024-04,Warrant,202
A002,2024-05,Civil Caretaking,1659
A002,2024-05,Offense Against Person,588
A002,2024-05,Other,2198
A002,2024-05,Pedestrian Stop,292
A002,2024-05,Property Offense,985
A002,2024-05,Public Order Offense,1358
A002,2024-05,Vehicle Stop,1815
A002,2024-05,Warrant,208
A002,2024-06,Civil Caretaking,1533
A002,2024-06,Offense Against Person,693
A002,2024-06,Other,2393
A002,2024-06,Pedestrian Stop,279
A002,2024-06,Property Offense,1027
A002,2024-06,Public Order Offense,1421
A002,2024-06,Vehicle Stop,1905
A002,2024-06,Warrant,176
A002,2024-07,Civil Caretaking,1775
A002,2024-07,Offense Against Person,659
A002,2024-07,Other,2649
A002,2024-07,Pedestrian Stop,328
A002,2024-07,Property Offense,1026
A002,2024-07,Public Order Offense,1590
A002,2024-07,Vehicle Stop,1857
A002,2024-07,Warrant,175
A002,2024-08,Civil Caretaking,1877
A002,2024-08,Offense Against Person,706
A002,2024-08,Other,2622
A002,2024-08,Pedestrian Stop,345
A002,2024-08,Property Offense,1005
A002,2024-08,Public Order Offense,1698
A002,2024-08,Vehicle Stop,2184
A002,2024-08,Warrant,198
A002,2024-09,Civil Caretaking,1867
A002,2024-09,Offense Against Person,604
A002,2024-09,Other,2534
A002,2024-09,Pedestrian Stop,261
A002,2024-09,Property Offense,1055
A002,2024-09,Public Order Offense,1388
A002,2024-09,Vehicle Stop,1904
A002,2024-09,Warrant,177
A002,2024-10,Civil Caretaking,1933
A002,2024-10,Offense Against Person,549
A002,2024-10,Other,2238
A002,2024-10,Pedestrian Stop,252
A002,2024-10,Property Offense,981
A002,2024-10,Public Order Offense,1348
A002,2024-10,Vehicle Stop,1996
A002,2024-10,Warrant,164
A002,2024-11,Civil Caretaking,1933
A002,2024-11,Offense Against Person,585
A002,2024-11,Other,2349
A002,2024-11,Pedestrian Stop,239
A002,2024-11,Property Offense,890
A002,2024-11,Public Order Offense,1267
A002,2024-11,Vehicle Stop,1684
A002,2024-11,Warrant,151
A002,2024-12,Civil Caretaking,1905
A002,2024-12,Offense Against Person,476
A002,2024-12,Other,2064
A002,2024-12,Pedestrian Stop,215
A002,2024-12,Property Offense,858
A002,2024-12,Public Order Offense,1144
A002,2024-12,Vehicle Stop,1749
A002,2024-12,Warrant,178
A002,2025-01,Civil Caretaking,2005
A002,2025-01,Offense Against Person,428
A002,2025-01,Other,2313
A002,2025-01,Pedestrian Stop,230
A002,2025-01,Property Offense,898
A002,2025-01,Public Order Offense,1167
A002,2025-01,Vehicle Stop,1769
A002,2025-01,Warrant,140
A002,2025-02,Civil Caretaking,1916
A002,2025-02,Offense Against Person,448
A002,2025-02,Other,2171
A002,2025-02,Pedestrian Stop,227
A002,2025-02,Property Offense,793
A002,2025-02,Public Order Offense,970
A002,2025-02,Vehicle Stop,1554
A002,2025-02,Warrant,183
A002,2025-03,Civil Caretaking,1966
A002,2025-03,Offense Against Person,554
A002,2025-03,Other,2546
A002,2025-03,Pedestrian Stop,292
A002,2025-03,Property Offense,889
A002,2025-03,Public Order Offense,1233
A002,2025-03,Vehicle Stop,1574
A002,2025-03,Warrant,185
A002,2025-04,Civil Caretaking,1804
A002,2025-04,Offense Against Person,613
A002,2025-04,Other,2313
A002,2025-04,Pedestrian Stop,234
A002,2025-04,Property Offense,895
A002,2025-04,Public Order Offense,1436
A002,2025-04,Vehicle Stop,1510
A002,2025-04,Warrant,169
A002,2025-05,Civil Caretaking,1854
A002,2025-05,Offense Against Person,633
A002,2025-05,Other,2377
A002,2025-05,Pedestrian Stop,235
A002,2025-05,Property Offense,1013
A002,2025-05,Public Order Offense,1379
A002,2025-05,Vehicle Stop,1626
A002,2025-05,Warrant,206
A002,2025-06,Civil Caretaking,1648
A002,2025-06,Offense Against Person,672
A002,2025-06,Other,2426
A002,2025-06,Pedestrian Stop,281
A002,2025-06,Property Offense,972
A002,2025-06,Public Order Offense,1778
A002,2025-06,Vehicle Stop,1633
A002,2025-06,Warrant,189
A002,2025-07,Civil Caretaking,1783
A002,2025-07,Offense Against Person,692
A002,2025-07,Other,2391
A002,2025-07,Pedestrian Stop,325
A002,2025-07,Property Offense,1045
A002,2025-07,Public Order Offense,1530
A002,2025-07,Vehicle Stop,2079
A002,2025-07,Warrant,178
A002,2025-08,Civil Caretaking,1491
A002,2025-08,Offense Against Person,787
A002,2025-08,Other,2252
A002,2025-08,Pedestrian Stop,308
A002,2025-08,Property Offense,1213
A002,2025-08,Public Order Offense,1350
A002,2025-08,Vehicle Stop,2025
A002,2025-08,Warrant,188
A002,2025-09,Civil Caretaking,1849
A002,2025-09,Offense Against Person,597
A002,2025-09,Other,2510
A002,2025-09,Pedestrian Stop,250
A002,2025-09,Property Offense,1187
A002,2025-09,Public Order Offense,1454
A002,2025-09,Vehicle Stop,2157
A002,2025-09,Warrant,186
A002,2025-10,Civil Caretaking,1946
A002,2025-10,Offense Against Person,604
A002,2025-10,Other,2184
A002,2025-10,Pedestrian Stop,241
A002,2025-10,Property Offense,1075
A002,2025-10,Public Order Offense,1395
A002,2025-10,Vehicle Stop,2011
A002,2025-10,Warrant,161
A002,2025-11,Civil Caretaking,2270
A002,2025-11,Offense Against Person,537
A002,2025-11,Other,2436
A002,2025-11,Pedestrian Stop,235
A002,2025-11,Property Offense,999
A002,2025-11,Public Order Offense,1071
A002,2025-11,Vehicle Stop,1996
A002,2025-11,Warrant,174
A002,2025-12,Civil Caretaking,2168
A002,2025-12,Offense Against Person,489
A002,2025-12,Other,2312
A002,2025-12,Pedestrian Stop,215
A002,2025-12,Property Offense,867
A002,2025-12,Public Order Offense,1118
A002,2025-12,Vehicle Stop,1901
A002,2025-12,Warrant,147
A002,2026-01,Civil Caretaking,2387
A002,2026-01,Offense Against Person,499
A002,2026-01,Other,2216
A002,2026-01,Pedestrian Stop,219
A002,2026-01,Property Offense,807
A002,2026-01,Public Order Offense,1160
A002,2026-01,Vehicle Stop,1639
A002,2026-01,Warrant,185
A002,2026-02,Civil Caretaking,2124
A002,2026-02,Offense Against Person,473
A002,2026-02,Other,2147
A002,2026-02,Pedestrian Stop,223
A002,2026-02,Property Offense,778
A002,2026-02,Public Order Offense,1140
A002,2026-02,Vehicle Stop,1478
A002,2026-02,Warrant,202
A002,2026-03,Civil Caretaking,1841
A002,2026-03,Offense Against Person,459
A002,2026-03,Other,2379
A002,2026-03,Pedestrian Stop,225
A002,2026-03,Property Offense,858
A002,2026-03,Public Order Offense,1246
A002,2026-03,Vehicle Stop,1752
A002,2026-03,Warrant,204
A002,2026-04,Civil Caretaking,1940
A002,2026-04,Offense Against Person,644
A002,2026-04,Other,2658
A002,2026-04,Pedestrian Stop,291
A002,2026-04,Property Offense,1053
A002,2026-04,Public Order Offense,1366
A002,2026-04,Vehicle Stop,1814
A002,2026-04,Warrant,211
A002,2026-05,Civil Caretaking,1240
A002,2026-05,Offense Against Person,470
A002,2026-05,Other,1751
A002,2026-05,Pedestrian Stop,231
A002,2026-05,Property Offense,761
A002,2026-05,Public Order Offense,1129
A002,2026-05,Vehicle Stop,1291
A002,2026-05,Warrant,148
A002,2026-06,Civil Caretaking,794
A002,2026-06,Offense Against Person,311
A002,2026-06,Other,1121
A002,2026-06,Pedestrian Stop,147
A002,2026-06,Property Offense,488
A002,2026-06,Public Order Offense,726
A002,2026-06,Vehicle Stop,908
A002,2026-06,Warrant,72
A003,2019-01,Civil Caretaking,928
A003,2019-01,Offense Against Person,207
A003,2019-01,Other,1050
A003,2019-01,Pedestrian Stop,104
A003,2019-01,Property Offense,386
A003,2019-01,Public Order Offense,490
A003,2019-01,Vehicle Stop,762
A003,2019-01,Warrant,65
A003,2019-02,Civil Caretaking,809
A003,2019-02,Offense Against Person,271
A003,2019-02,Other,904
A003,2019-02,Pedestrian Stop,95
A003,2019-02,Property Offense,403
A003,2019-02,Public Order Offense,482
A003,2019-02,Vehicle Stop,706
A003,2019-02,Warrant,96
A003,2019-03,Civil Caretaking,925
A003,2019-03,Offense Against Person,234
A003,2019-03,Other,1059
A003,2019-03,Pedestrian Stop,122
A003,2019-03,Property Offense,363
A003,2019-03,Public Order Offense,548
A003,2019-03,Vehicle Stop,829
A003,2019-03,Warrant,88
A003,2019-04,Civil Caretaking,832
A003,2019-04,Offense Against Person,291
A003,2019-04,Other,1193
A003,2019-04,Pedestrian Stop,139
A003,2019-04,Property Offense,413
A003,2019-04,Public Order Offense,542
A003,2019-04,Vehicle Stop,795
A003,2019-04,Warrant,77
A003,2019-05,Civil Caretaking,851
A003,2019-05,Offense Against Person,302
A003,2019-05,Other,1034
A003,2019-05,Pedestrian Stop,142
A003,2019-05,Property Offense,486
A003,2019-05,Public Order Offense,675
A003,2019-05,Vehicle Stop,775
A003,2019-05,Warrant,98
A003,2019-06,Civil Caretaking,773
A003,2019-06,Offense Against Person,271
A003,2019-06,Other,1115
A003,2019-06,Pedestrian Stop,139
A003,2019-06,Property Offense,446
A003,2019-06,Public Order Offense,752
A003,2019-06,Vehicle Stop,987
A003,2019-06,Warrant,86
A003,2019-07,Civil Caretaking,833
A003,2019-07,Offense Against Person,289
A003,2019-07,Other,1170
A003,2019-07,Pedestrian Stop,106
A003,2019-07,Property Offense,524
A003,2019-07,Public Order Offense,666
A003,2019-07,Vehicle Stop,837
A003,2019-07,Warrant,95
A003,2019-08,Civil Caretaking,769
A003,2019-08,Offense Against Person,307
A003,2019-08,Other,1216
A003,2019-08,Pedestrian Stop,152
A003,2019-08,Property Offense,490
A003,2019-08,Public Order Offense,672
A003,2019-08,Vehicle Stop,996
A003,2019-08,Warrant,76
A003,2019-09,Civil Caretaking,844
A003,2019-09,Offense Against Person,335
A003,2019-09,Other,981
A003,2019-09,Pedestrian Stop,121
A003,2019-09,Property Offense,486
A003,2019-09,Public Order Offense,781
A003,2019-09,Vehicle Stop,822
A003,2019-09,Warrant,91
A003,2019-10,Civil Caretaking,898
A003,2019-10,Offense Against Person,249
A003,2019-10,Other,1231
A003,2019-10,Pedestrian Stop,113
A003,2019-10,Property Offense,499
A003,2019-10,Public Order Offense,551
A003,2019-10,Vehicle Stop,925
A003,2019-10,Warrant,69
A003,2019-11,Civil Caretaking,1020
A003,2019-11,Offense Against Person,241
A003,2019-11,Other,1021
A003,2019-11,Pedestrian Stop,115
A003,2019-11,Property Offense,445
A003,2019-11,Public Order Offense,626
A003,2019-11,Vehicle Stop,852
A003,2019-11,Warrant,70
A003,2019-12,Civil Caretaking,952
A003,2019-12,Offense Against Person,207
A003,2019-12,Other,1058
A003,2019-12,Pedestrian Stop,90
A003,2019-12,Property Offense,413
A003,2019-12,Public Order Offense,522
A003,2019-12,Vehicle Stop,889
A003,2019-12,Warrant,78
A003,2020-01,Civil Caretaking,881
A003,2020-01,Offense Against Person,209
A003,2020-01,Other,969
A003,2020-01,Pedestrian Stop,89
A003,2020-01,Property Offense,417
A003,2020-01,Public Order Offense,494
A003,2020-01,Vehicle Stop,827
A003,2020-01,Warrant,99
A003,2020-02,Civil Caretaking,970
A003,2020-02,Offense Against Person,203
A003,2020-02,Other,1026
A003,2020-02,Pedestrian Stop,112
A003,2020-02,Property Offense,371
A003,2020-02,Public Order Offense,558
A003,2020-02,Vehicle Stop,858
A003,2020-02,Warrant,84
A003,2020-03,Civil Caretaking,985
A003,2020-03,Offense Against Person,256
A003,2020-03,Other,984
A003,2020-03,Pedestrian Stop,107
A003,2020-03,Property Offense,362
A003,2020-03,Public Order Offense,565
A003,2020-03,Vehicle Stop,723
A003,2020-03,Warrant,101
A003,2020-04,Civil Caretaking,907
A003,2020-04,Offense Against Person,282
A003,2020-04,Other,1111
A003,2020-04,Pedestrian Stop,125
A003,2020-04,Property Offense,460
A003,2020-04,Public Order Offense,596
A003,2020-04,Vehicle Stop,873
A003,2020-04,Warrant,90
A003,2020-05,Civil Caretaking,988
A003,2020-05,Offense Against Person,310
A003,2020-05,Other,1005
A003,2020-05,Pedestrian Stop,115
A003,2020-05,Property Offense,395
A003,2020-05,Public Order Offense,767
A003,2020-05,Vehicle Stop,835
A003,2020-05,Warrant,85
A003,2020-06,Civil Caretaking,833
A003,2020-06,Offense Against Person,305
A003,2020-06,Other,1332
A003,2020-06,Pedestrian Stop,141
A003,2020-06,Property Offense,486
A003,2020-06,Public Order Offense,680
A003,2020-06,Vehicle Stop,928
A003,2020-06,Warrant,71
A003,2020-07,Civil Caretaking,781
A003,2020-07,Offense Against Person,329
A003,2020-07,Other,1145
A003,2020-07,Pedestrian Stop,128
A003,2020-07,Property Offense,449
A003,2020-07,Public Order Offense,714
A003,2020-07,Vehicle Stop,1009
A003,2020-07,Warrant,107
A003,2020-08,Civil Caretaking,716
A003,2020-08,Offense Against Person,365
A003,2020-08,Other,1255
A003,2020-08,Pedestrian Stop,133
A003,2020-08,Property Offense,541
A003,2020-08,Public Order Offense,774
A003,2020-08,Vehicle Stop,949
A003,2020-08,Warrant,70
A003,2020-09,Civil Caretaking,948
A003,2020-09,Offense Against Person,308
A003,2020-09,Other,1270
A003,2020-09,Pedestrian Stop,120
A003,2020-09,Property Offense,531
A003,2020-09,Public Order Offense,729
A003,2020-09,Vehicle Stop,976
A003,2020-09,Warrant,67
A003,2020-10,Civil Caretaking,866
A003,2020-10,Offense Against Person,242
A003,2020-10,Other,1088
A003,2020-10,Pedestrian Stop,166
A003,2020-10,Property Offense,491
A003,2020-10,Public Order Offense,692
A003,2020-10,Vehicle Stop,902
A003,2020-10,Warrant,93
A003,2020-11,Civil Caretaking,1012
A003,2020-11,Offense Against Person,229
A003,2020-11,Other,1060
A003,2020-11,Pedestrian Stop,116
A003,2020-11,Property Offense,450
A003,2020-11,Public Order Offense,510
A003,2020-11,Vehicle Stop,828
A003,2020-11,Warrant,89
A003,2020-12,Civil Caretaking,1046
A003,2020-12,Offense Against Person,220
A003,2020-12,Other,938
A003,2020-12,Pedestrian Stop,106
A003,2020-12,Property Offense,388
A003,2020-12,Public Order Offense,566
A003,2020-12,Vehicle Stop,742
A003,2020-12,Warrant,84
A003,2021-01,Civil Caretaking,1095
A003,2021-01,Offense Against Person,182
A003,2021-01,Other,1017
A003,2021-01,Pedestrian Stop,109
A003,2021-01,Property Offense,396
A003,2021-01,Public Order Offense,568
A003,2021-01,Vehicle Stop,804
A003,2021-01,Warrant,86
A003,2021-02,Civil Caretaking,990
A003,2021-02,Offense Against Person,222
A003,2021-02,Other,1041
A003,2021-02,Pedestrian Stop,106
A003,2021-02,Property Offense,371
A003,2021-02,Public Order Offense,552
A003,2021-02,Vehicle Stop,723
A003,2021-02,Warrant,81
A003,2021-03,Civil Caretaking,949
A003,2021-03,Offense Against Person,260
A003,2021-03,Other,1112
A003,2021-03,Pedestrian Stop,105
A003,2021-03,Property Offense,370
A003,2021-03,Public Order Offense,623
A003,2021-03,Vehicle Stop,782
A003,2021-03,Warrant,96
A003,2021-04,Civil Caretaking,953
A003,2021-04,Offense Against Person,287
A003,2021-04,Other,1042
A003,2021-04,Pedestrian Stop,110
A003,2021-04,Property Offense,400
A003,2021-04,Public Order Offense,727
A003,2021-04,Vehicle Stop,906
A003,2021-04,Warrant,105
A003,2021-05,Civil Caretaking,924
A003,2021-05,Offense Against Person,290
A003,2021-05,Other,1235
A003,2021-05,Pedestrian Stop,136
A003,2021-05,Property Offense,390
A003,2021-05,Public Order Offense,723
A003,2021-05,Vehicle Stop,912
A003,2021-05,Warrant,80
A003,2021-06,Civil Caretaking,870
A003,2021-06,Offense Against Person,373
A003,2021-06,Other,1319
A003,2021-06,Pedestrian Stop,154
A003,2021-06,Property Offense,488
A003,2021-06,Public Order Offense,698
A003,2021-06,Vehicle Stop,944
A003,2021-06,Warrant,89
A003,2021-07,Civil Caretaking,842
A003,2021-07,Offense Against Person,308
A003,2021-07,Other,1342
A003,2021-07,Pedestrian Stop,129
A003,2021-07,Property Offense,525
A003,2021-07,Public Order Offense,692
A003,2021-07,Vehicle Stop,943
A003,2021-07,Warrant,70
A003,2021-08,Civil Caretaking,832
A003,2021-08,Offense Against Person,313
A003,2021-08,Other,1218
A003,2021-08,Pedestrian Stop,143
A003,2021-08,Property Offense,526
A003,2021-08,Public Order Offense,709
A003,2021-08,Vehicle Stop,898
A003,2021-08,Warrant,66
A003,2021-09,Civil Caretaking,853
A003,2021-09,Offense Against Person,318
A003,2021-09,Other,1108
A003,2021-09,Pedestrian Stop,120
A003,2021-09,Property Offense,480
A003,2021-09,Public Order Offense,638
A003,2021-09,Vehicle Stop,827
A003,2021-09,Warrant,93
A003,2021-10,Civil Caretaking,839
A003,2021-10,Offense Against Person,238
A003,2021-10,Other,1103
A003,2021-10,Pedestrian Stop,130
A003,2021-10,Property Offense,425
A003,2021-10,Public Order Offense,669
A003,2021-10,Vehicle Stop,1017
A003,2021-10,Warrant,93
A003,2021-11,Civil Caretaking,969
A003,2021-11,Offense Against Person,247
A003,2021-11,Other,1175
A003,2021-11,Pedestrian Stop,123
A003,2021-11,Property Offense,480
A003,2021-11,Public Order Offense,587
A003,2021-11,Vehicle Stop,842
A003,2021-11,Warrant,80
A003,2021-12,Civil Caretaking,1053
A003,2021-12,Offense Against Person,213
A003,2021-12,Other,1119
A003,2021-12,Pedestrian Stop,89
A003,2021-12,Property Offense,376
A003,2021-12,Public Order Offense,506
A003,2021-12,Vehicle Stop,873
A003,2021-12,Warrant,73
A003,2022-01,Civil Caretaking,961
A003,2022-01,Offense Against Person,203
A003,2022-01,Other,1114
A003,2022-01,Pedestrian Stop,106
A003,2022-01,Property Offense,381
A003,2022-01,Public Order Offense,573
A003,2022-01,Vehicle Stop,791
A003,2022-01,Warrant,66
A003,2022-02,Civil Caretaking,1024
A003,2022-02,Offense Against Person,234
A003,2022-02,Other,985
A003,2022-02,Pedestrian Stop,103
A003,2022-02,Property Offense,409
A003,2022-02,Public Order Offense,533
A003,2022-02,Vehicle Stop,863
A003,2022-02,Warrant,110
A003,2022-03,Civil Caretaking,1042
A003,2022-03,Offense Against Person,232
A003,2022-03,Other,1117
A003,2022-03,Pedestrian Stop,116
A003,2022-03,Property Offense,429
A003,2022-03,Public Order Offense,580
A003,2022-03,Vehicle Stop,718
A003,2022-03,Warrant,82
A003,2022-04,Civil Caretaking,873
A003,2022-04,Offense Against Person,300
A003,2022-04,Other,1171
A003,2022-04,Pedestrian Stop,128
A003,2022-04,Property Offense,427
A003,2022-04,Public Order Offense,614
A003,2022-04,Vehicle Stop,915
A003,2022-04,Warrant,87
A003,2022-05,Civil Caretaking,843
A003,2022-05,Offense Against Person,327
A003,2022-05,Other,1136
A003,2022-05,Pedestrian Stop,130
A003,2022-05,Property Offense,430
A003,2022-05,Public Order Offense,673
A003,2022-05,Vehicle Stop,890
A003,2022-05,Warrant,81
A003,2022-06,Civil Caretaking,785
A003,2022-06,Offense Against Person,331
A003,2022-06,Other,1131
A003,2022-06,Pedestrian Stop,115
A003,2022-06,Property Offense,463
A003,2022-06,Public Order Offense,768
A003,2022-06,Vehicle Stop,869
A003,2022-06,Warrant,86
A003,2022-07,Civil Caretaking,931
A003,2022-07,Offense Against Person,300
A003,2022-07,Other,1232
A003,2022-07,Pedestrian Stop,133
A003,2022-07,Property Offense,524
A003,2022-07,Public Order Offense,780
A003,2022-07,Vehicle Stop,933
A003,2022-07,Warrant,110
A003,2022-08,Civil Caretaking,830
A003,2022-08,Offense Against Person,297
A003,2022-08,Other,1105
A003,2022-08,Pedestrian Stop,139
A003,2022-08,Property Offense,569
A003,2022-08,Public Order Offense,740
A003,2022-08,Vehicle Stop,889
A003,2022-08,Warrant,74
A003,2022-09,Civil Caretaking,955
A003,2022-09,Offense Against Person,312
A003,2022-09,Other,1137
A003,2022-09,Pedestrian Stop,149
A003,2022-09,Property Offense,514
A003,2022-09,Public Order Offense,740
A003,2022-09,Vehicle Stop,931
A003,2022-09,Warrant,86
A003,2022-10,Civil Caretaking,1001
A003,2022-10,Offense Against Person,289
A003,2022-10,Other,1254
A003,2022-10,Pedestrian Stop,113
A003,2022-10,Property Offense,501
A003,2022-10,Public Order Offense,667
A003,2022-10,Vehicle Stop,976
A003,2022-10,Warrant,86
A003,2022-11,Civil Caretaking,952
A003,2022-11,Offense Against Person,269
A003,2022-11,Other,1059
A003,2022-11,Pedestrian Stop,109
A003,2022-11,Property Offense,429
A003,2022-11,Public Order Offense,625
A003,2022-11,Vehicle Stop,931
A003,2022-11,Warrant,100
A003,2022-12,Civil Caretaking,1020
A003,2022-12,Offense Against Person,220
A003,2022-12,Other,1018
A003,2022-12,Pedestrian Stop,118
A003,2022-12,Property Offense,435
A003,2022-12,Public Order Offense,547
A003,2022-12,Vehicle Stop,785
A003,2022-12,Warrant,69
A003,2023-01,Civil Caretaking,928
A003,2023-01,Offense Against Person,214
A003,2023-01,Other,722
A003,2023-01,Pedestrian Stop,113
A003,2023-01,Property Offense,404
A003,2023-01,Public Order Offense,814
A003,2023-01,Vehicle Stop,762
A003,2023-01,Warrant,105
A003,2023-02,Civil Caretaking,869
A003,2023-02,Offense Against Person,249
A003,2023-02,Other,837
A003,2023-02,Pedestrian Stop,119
A003,2023-02,Property Offense,425
A003,2023-02,Public Order Offense,902
A003,2023-02,Vehicle Stop,898
A003,2023-02,Warrant,101
A003,2023-03,Civil Caretaking,1019
A003,2023-03,Offense Against Person,242
A003,2023-03,Other,801
A003,2023-03,Pedestrian Stop,134
A003,2023-03,Property Offense,370
A003,2023-03,Public Order Offense,890
A003,2023-03,Vehicle Stop,731
A003,2023-03,Warrant,78
A003,2023-04,Civil Caretaking,946
A003,2023-04,Offense Against Person,281
A003,2023-04,Other,828
A003,2023-04,Pedestrian Stop,113
A003,2023-04,Property Offense,493
A003,2023-04,Public Order Offense,1078
A003,2023-04,Vehicle Stop,804
A003,2023-04,Warrant,112
A003,2023-05,Civil Caretaking,901
A003,2023-05,Offense Against Person,321
A003,2023-05,Other,867
A003,2023-05,Pedestrian Stop,160
A003,2023-05,Property Offense,550
A003,2023-05,Public Order Offense,1077
A003,2023-05,Vehicle Stop,989
A003,2023-05,Warrant,101
A003,2023-06,Civil Caretaking,859
A003,2023-06,Offense Against Person,345
A003,2023-06,Other,980
A003,2023-06,Pedestrian Stop,148
A003,2023-06,Property Offense,568
A003,2023-06,Public Order Offense,1249
A003,2023-06,Vehicle Stop,912
A003,2023-06,Warrant,100
A003,2023-07,Civil Caretaking,892
A003,2023-07,Offense Against Person,340
A003,2023-07,Other,891
A003,2023-07,Pedestrian Stop,115
A003,2023-07,Property Offense,590
A003,2023-07,Public Order Offense,1157
A003,2023-07,Vehicle Stop,943
A003,2023-07,Warrant,69
A003,2023-08,Civil Caretaking,935
A003,2023-08,Offense Against Person,364
A003,2023-08,Other,794
A003,2023-08,Pedestrian Stop,137
A003,2023-08,Property Offense,539
A003,2023-08,Public Order Offense,1038
A003,2023-08,Vehicle Stop,1003
A003,2023-08,Warrant,97
A003,2023-09,Civil Caretaking,837
A003,2023-09,Offense Against Person,318
A003,2023-09,Other,916
A003,2023-09,Pedestrian Stop,135
A003,2023-09,Property Offense,543
A003,2023-09,Public Order Offense,1136
A003,2023-09,Vehicle Stop,903
A003,2023-09,Warrant,102
A003,2023-10,Civil Caretaking,903
A003,2023-10,Offense Against Person,285
A003,2023-10,Other,757
A003,2023-10,Pedestrian Stop,128
A003,2023-10,Property Offense,454
A003,2023-10,Public Order Offense,907
A003,2023-10,Vehicle Stop,917
A003,2023-10,Warrant,95
A003,2023-11,Civil Caretaking,1069
A003,2023-11,Offense Against Person,212
A003,2023-11,Other,799
A003,2023-11,Pedestrian Stop,115
A003,2023-11,Property Offense,399
A003,2023-11,Public Order Offense,947
A003,2023-11,Vehicle Stop,965
A003,2023-11,Warrant,92
A003,2023-12,Civil Caretaking,1006
A003,2023-12,Offense Against Person,230
A003,2023-12,Other,818
A003,2023-12,Pedestrian Stop,91
A003,2023-12,Property Offense,465
A003,2023-12,Public Order Offense,862
A003,2023-12,Vehicle Stop,877
A003,2023-12,Warrant,89
A003,2024-01,Civil Caretaking,1045
A003,2024-01,Offense Against Person,242
A003,2024-01,Other,721
A003,2024-01,Pedestrian Stop,95
A003,2024-01,Property Offense,386
A003,2024-01,Public Order Offense,821
A003,2024-01,Vehicle Stop,841
A003,2024-01,Warrant,71
A003,2024-02,Civil Caretaking,1111
A003,2024-02,Offense Against Person,217
A003,2024-02,Other,846
A003,2024-02,Pedestrian Stop,112
A003,2024-02,Property Offense,368
A003,2024-02,Public Order Offense,965
A003,2024-02,Vehicle Stop,890
A003,2024-02,Warrant,88
A003,2024-03,Civil Caretaking,1040
A003,2024-03,Offense Against Person,266
A003,2024-03,Other,741
A003,2024-03,Pedestrian Stop,135
A003,2024-03,Property Offense,410
A003,2024-03,Public Order Offense,942
A003,2024-03,Vehicle Stop,862
A003,2024-03,Warrant,92
A003,2024-04,Civil Caretaking,1008
A003,2024-04,Offense Against Person,265
A003,2024-04,Other,888
A003,2024-04,Pedestrian Stop,116
A003,2024-04,Property Offense,410
A003,2024-04,Public Order Offense,1032
A003,2024-04,Vehicle Stop,870
A003,2024-04,Warrant,85
A003,2024-05,Civil Caretaking,941
A003,2024-05,Offense Against Person,326
A003,2024-05,Other,846
A003,2024-05,Pedestrian Stop,142
A003,2024-05,Property Offense,556
A003,2024-05,Public Order Offense,1099
A003,2024-05,Vehicle Stop,947
A003,2024-05,Warrant,88
A003,2024-06,Civil Caretaking,850
A003,2024-06,Offense Against Person,377
A003,2024-06,Other,867
A003,2024-06,Pedestrian Stop,171
A003,2024-06,Property Offense,551
A003,2024-06,Public Order Offense,1176
A003,2024-06,Vehicle Stop,998
A003,2024-06,Warrant,66
A003,2024-07,Civil Caretaking,909
A003,2024-07,Offense Against Person,370
A003,2024-07,Other,833
A003,2024-07,Pedestrian Stop,160
A003,2024-07,Property Offense,580
A003,2024-07,Public Order Offense,1107
A003,2024-07,Vehicle Stop,1009
A003,2024-07,Warrant,91
A003,2024-08,Civil Caretaking,818
A003,2024-08,Offense Against Person,358
A003,2024-08,Other,928
A003,2024-08,Pedestrian Stop,141
A003,2024-08,Property Offense,530
A003,2024-08,Public Order Offense,1193
A003,2024-08,Vehicle Stop,1018
A003,2024-08,Warrant,87
A003,2024-09,Civil Caretaking,937
A003,2024-09,Offense Against Person,346
A003,2024-09,Other,816
A003,2024-09,Pedestrian Stop,155
A003,2024-09,Property Offense,509
A003,2024-09,Public Order Offense,1176
A003,2024-09,Vehicle Stop,1085
A003,2024-09,Warrant,65
A003,2024-10,Civil Caretaking,1017
A003,2024-10,Offense Against Person,274
A003,2024-10,Other,874
A003,2024-10,Pedestrian Stop,111
A003,2024-10,Property Offense,486
A003,2024-10,Public Order Offense,1082
A003,2024-10,Vehicle Stop,955
A003,2024-10,Warrant,84
A003,2024-11,Civil Caretaking,960
A003,2024-11,Offense Against Person,252
A003,2024-11,Other,787
A003,2024-11,Pedestrian Stop,125
A003,2024-11,Property Offense,453
A003,2024-11,Public Order Offense,941
A003,2024-11,Vehicle Stop,960
A003,2024-11,Warrant,80
A003,2024-12,Civil Caretaking,1078
A003,2024-12,Offense Against Person,214
A003,2024-12,Other,731
A003,2024-12,Pedestrian Stop,115
A003,2024-12,Property Offense,488
A003,2024-12,Public Order Offense,884
A003,2024-12,Vehicle Stop,1019
A003,2024-12,Warrant,98
A003,2025-01,Civil Caretaking,978
A003,2025-01,Offense Against Person,217
A003,2025-01,Other,722
A003,2025-01,Pedestrian Stop,107
A003,2025-01,Property Offense,451
A003,2025-01,Public Order Offense,891
A003,2025-01,Vehicle Stop,802
A003,2025-01,Warrant,79
A003,2025-02,Civil Caretaking,984
A003,2025-02,Offense Against Person,248
A003,2025-02,Other,738
A003,2025-02,Pedestrian Stop,101
A003,2025-02,Property Offense,467
A003,2025-02,Public Order Offense,864
A003,2025-02,Vehicle Stop,828
A003,2025-02,Warrant,103
A003,2025-03,Civil Caretaking,990
A003,2025-03,Offense Against Person,231
A003,2025-03,Other,768
A003,2025-03,Pedestrian Stop,120
A003,2025-03,Property Offense,450
A003,2025-03,Public Order Offense,939
A003,2025-03,Vehicle Stop,941
A003,2025-03,Warrant,86
A003,2025-04,Civil Caretaking,992
A003,2025-04,Offense Against Person,290
A003,2025-04,Other,851
A003,2025-04,Pedestrian Stop,108
A003,2025-04,Property Offense,442
A003,2025-04,Public Order Offense,1075
A003,2025-04,Vehicle Stop,879
A003,2025-04,Warrant,85
A003,2025-05,Civil Caretaking,998
A003,2025-05,Offense Against Person,302
A003,2025-05,Other,780
A003,2025-05,Pedestrian Stop,138
A003,2025-05,Property Offense,431
A003,2025-05,Public Order Offense,1143
A003,2025-05,Vehicle Stop,901
A003,2025-05,Warrant,102
A003,2025-06,Civil Caretaking,855
A003,2025-06,Offense Against Person,344
A003,2025-06,Other,850
A003,2025-06,Pedestrian Stop,130
A003,2025-06,Property Offense,577
A003,2025-06,Public Order Offense,1177
A003,2025-06,Vehicle Stop,1070
A003,2025-06,Warrant,113
A003,2025-07,Civil Caretaking,1028
A003,2025-07,Offense Against Person,328
A003,2025-07,Other,867
A003,2025-07,Pedestrian Stop,141
A003,2025-07,Property Offense,642
A003,2025-07,Public Order Offense,1220
A003,2025-07,Vehicle Stop,1092
A003,2025-07,Warrant,98
A003,2025-08,Civil Caretaking,890
A003,2025-08,Offense Against Person,396
A003,2025-08,Other,960
A003,2025-08,Pedestrian Stop,140
A003,2025-08,Property Offense,539
A003,2025-08,Public Order Offense,1258
A003,2025-08,Vehicle Stop,1135
A003,2025-08,Warrant,98
A003,2025-09,Civil Caretaking,825
A003,2025-09,Offense Against Person,288
A003,2025-09,Other,828
A003,2025-09,Pedestrian Stop,108
A003,2025-09,Property Offense,537
A003,2025-09,Public Order Offense,1100
A003,2025-09,Vehicle Stop,1033
A003,2025-09,Warrant,103
A003,2025-10,Civil Caretaking,1031
A003,2025-10,Offense Against Person,293
A003,2025-10,Other,946
A003,2025-10,Pedestrian Stop,132
A003,2025-10,Property Offense,595
A003,2025-10,Public Order Offense,1056
A003,2025-10,Vehicle Stop,965
A003,2025-10,Warrant,67
A003,2025-11,Civil Caretaking,1139
A003,2025-11,Offense Against Person,246
A003,2025-11,Other,846
A003,2025-11,Pedestrian Stop,124
A003,2025-11,Property Offense,446
A003,2025-11,Public Order Offense,938
A003,2025-11,Vehicle Stop,928
A003,2025-11,Warrant,88
A003,2025-12,Civil Caretaking,1014
A003,2025-12,Offense Against Person,260
A003,2025-12,Other,728
A003,2025-12,Pedestrian Stop,116
A003,2025-12,Property Offense,407
A003,2025-12,Public Order Offense,890
A003,2025-12,Vehicle Stop,879
A003,2025-12,Warrant,108
A003,2026-01,Civil Caretaking,1068
A003,2026-01,Offense Against Person,202
A003,2026-01,Other,759
A003,2026-01,Pedestrian Stop,101
A003,2026-01,Property Offense,508
A003,2026-01,Public Order Offense,871
A003,2026-01,Vehicle Stop,838
A003,2026-01,Warrant,105
A003,2026-02,Civil Caretaking,1014
A003,2026-02,Offense Against Person,200
A003,2026-02,Other,795
A003,2026-02,Pedestrian Stop,103
A003,2026-02,Property Offense,466
A003,2026-02,Public Order Offense,862
A003,2026-02,Vehicle Stop,862
A003,2026-02,Warrant,71
A003,2026-03,Civil Caretaking,1019
A003,2026-03,Offense Against Person,247
A003,2026-03,Other,761
A003,2026-03,Pedestrian Stop,136
A003,2026-03,Property Offense,441
A003,2026-03,Public Order Offense,965
A003,2026-03,Vehicle Stop,898
A003,2026-03,Warrant,109
A003,2026-04,Civil Caretaking,1081
A003,2026-04,Offense Against Person,324
A003,2026-04,Other,818
A003,2026-04,Pedestrian Stop,172
A003,2026-04,Property Offense,401
A003,2026-04,Public Order Offense,977
A003,2026-04,Vehicle Stop,769
A003,2026-04,Warrant,79
A003,2026-05,Civil Caretaking,716
A003,2026-05,Offense Against Person,221
A003,2026-05,Other,692
A003,2026-05,Pedestrian Stop,107
A003,2026-05,Property Offense,388
A003,2026-05,Public Order Offense,814
A003,2026-05,Vehicle Stop,633
A003,2026-05,Warrant,69
A003,2026-06,Civil Caretaking,375
A003,2026-06,Offense Against Person,191
A003,2026-06,Other,417
A003,2026-06,Pedestrian Stop,76
A003,2026-06,Property Offense,218
A003,2026-06,Public Order Offense,476
A003,2026-06,Vehicle Stop,465
A003,2026-06,Warrant,55
A004,2019-01,Civil Caretaking,532
A004,2019-01,Offense Against Person,116
A004,2019-01,Other,537
A004,2019-01,Pedestrian Stop,53
A004,2019-01,Property Offense,209
A004,2019-01,Public Order Offense,337
A004,2019-01,Vehicle Stop,455
A004,2019-01,Warrant,53
A004,2019-02,Civil Caretaking,571
A004,2019-02,Offense Against Person,121
A004,2019-02,Other,573
A004,2019-02,Pedestrian Stop,63
A004,2019-02,Property Offense,234
A004,2019-02,Public Order Offense,328
A004,2019-02,Vehicle Stop,476
A004,2019-02,Warrant,47
A004,2019-03,Civil Caretaking,511
A004,2019-03,Offense Against Person,113
A004,2019-03,Other,619
A004,2019-03,Pedestrian Stop,57
A004,2019-03,Property Offense,216
A004,2019-03,Public Order Offense,303
A004,2019-03,Vehicle Stop,431
A004,2019-03,Warrant,55
A004,2019-04,Civil Caretaking,517
A004,2019-04,Offense Against Person,150
A004,2019-04,Other,617
A004,2019-04,Pedestrian Stop,76
A004,2019-04,Property Offense,218
A004,2019-04,Public Order Offense,373
A004,2019-04,Vehicle Stop,421
A004,2019-04,Warrant,48
A004,2019-05,Civil Caretaking,458
A004,2019-05,Offense Against Person,150
A004,2019-05,Other,590
A004,2019-05,Pedestrian Stop,73
A004,2019-05,Property Offense,242
A004,2019-05,Public Order Offense,389
A004,2019-05,Vehicle Stop,505
A004,2019-05,Warrant,55
A004,2019-06,Civil Caretaking,510
A004,2019-06,Offense Against Person,171
A004,2019-06,Other,723
A004,2019-06,Pedestrian Stop,79
A004,2019-06,Property Offense,254
A004,2019-06,Public Order Offense,439
A004,2019-06,Vehicle Stop,455
A004,2019-06,Warrant,46
A004,2019-07,Civil Caretaking,468
A004,2019-07,Offense Against Person,182
A004,2019-07,Other,600
A004,2019-07,Pedestrian Stop,73
A004,2019-07,Property Offense,291
A004,2019-07,Public Order Offense,423
A004,2019-07,Vehicle Stop,564
A004,2019-07,Warrant,49
A004,2019-08,Civil Caretaking,454
A004,2019-08,Offense Against Person,201
A004,2019-08,Other,610
A004,2019-08,Pedestrian Stop,76
A004,2019-08,Property Offense,258
A004,2019-08,Public Order Offense,365
A004,2019-08,Vehicle Stop,497
A004,2019-08,Warrant,44
A004,2019-09,Civil Caretaking,499
A004,2019-09,Offense Against Person,175
A004,2019-09,Other,626
A004,2019-09,Pedestrian Stop,83
A004,2019-09,Property Offense,286
A004,2019-09,Public Order Offense,358
A004,2019-09,Vehicle Stop,567
A004,2019-09,Warrant,51
A004,2019-10,Civil Caretaking,569
A004,2019-10,Offense Against Person,153
A004,2019-10,Other,699
A004,2019-10,Pedestrian Stop,93
A004,2019-10,Property Offense,246
A004,2019-10,Public Order Offense,367
A004,2019-10,Vehicle Stop,575
A004,2019-10,Warrant,46
A004,2019-11,Civil Caretaking,500
A004,2019-11,Offense Against Person,130
A004,2019-11,Other,603
A004,2019-11,Pedestrian Stop,62
A004,2019-11,Property Offense,248
A004,2019-11,Public Order Offense,330
A004,2019-11,Vehicle Stop,449
A004,2019-11,Warrant,42
A004,2019-12,Civil Caretaking,526
A004,2019-12,Offense Against Person,139
A004,2019-12,Other,619
A004,2019-12,Pedestrian Stop,67
A004,2019-12,Property Offense,222
A004,2019-12,Public Order Offense,316
A004,2019-12,Vehicle Stop,449
A004,2019-12,Warrant,48
A004,2020-01,Civil Caretaking,588
A004,2020-01,Offense Against Person,131
A004,2020-01,Other,557
A004,2020-01,Pedestrian Stop,43
A004,2020-01,Property Offense,250
A004,2020-01,Public Order Offense,213
A004,2020-01,Vehicle Stop,472
A004,2020-01,Warrant,49
A004,2020-02,Civil Caretaking,553
A004,2020-02,Offense Against Person,133
A004,2020-02,Other,655
A004,2020-02,Pedestrian Stop,65
A004,2020-02,Property Offense,230
A004,2020-02,Public Order Offense,313
A004,2020-02,Vehicle Stop,429
A004,2020-02,Warrant,47
A004,2020-03,Civil Caretaking,481
A004,2020-03,Offense Against Person,130
A004,2020-03,Other,625
A004,2020-03,Pedestrian Stop,61
A004,2020-03,Property Offense,207
A004,2020-03,Public Order Offense,289
A004,2020-03,Vehicle Stop,430
A004,2020-03,Warrant,46
A004,2020-04,Civil Caretaking,541
A004,2020-04,Offense Against Person,149
A004,2020-04,Other,559
A004,2020-04,Pedestrian Stop,96
A004,2020-04,Property Offense,239
A004,2020-04,Public Order Offense,343
A004,2020-04,Vehicle Stop,415
A004,2020-04,Warrant,46
A004,2020-05,Civil Caretaking,467
A004,2020-05,Offense Against Person,172
A004,2020-05,Other,597
A004,2020-05,Pedestrian Stop,84
A004,2020-05,Property Offense,242
A004,2020-05,Public Order Offense,408
A004,2020-05,Vehicle Stop,449
A004,2020-05,Warrant,61
A004,2020-06,Civil Caretaking,450
A004,2020-06,Offense Against Person,188
A004,2020-06,Other,600
A004,2020-06,Pedestrian Stop,76
A004,2020-06,Property Offense,308
A004,2020-06,Public Order Offense,443
A004,2020-06,Vehicle Stop,550
A004,2020-06,Warrant,54
A004,2020-07,Civil Caretaking,476
A004,2020-07,Offense Against Person,221
A004,2020-07,Other,670
A004,2020-07,Pedestrian Stop,81
A004,2020-07,Property Offense,281
A004,2020-07,Public Order Offense,422
A004,2020-07,Vehicle Stop,561
A004,2020-07,Warrant,47
A004,2020-08,Civil Caretaking,510
A004,2020-08,Offense Against Person,163
A004,2020-08,Other,700
A004,2020-08,Pedestrian Stop,69
A004,2020-08,Property Offense,310
A004,2020-08,Public Order Offense,422
A004,2020-08,Vehicle Stop,501
A004,2020-08,Warrant,51
A004,2020-09,Civil Caretaking,496
A004,2020-09,Offense Against Person,180
A004,2020-09,Other,673
A004,2020-09,Pedestrian Stop,72
A004,2020-09,Property Offense,274
A004,2020-09,Public Order Offense,383
A004,2020-09,Vehicle Stop,533
A004,2020-09,Warrant,45
A004,2020-10,Civil Caretaking,478
A004,2020-10,Offense Against Person,153
A004,2020-10,Other,646
A004,2020-10,Pedestrian Stop,59
A004,2020-10,Property Offense,260
A004,2020-10,Public Order Offense,398
A004,2020-10,Vehicle Stop,527
A004,2020-10,Warrant,50
A004,2020-11,Civil Caretaking,544
A004,2020-11,Offense Against Person,129
A004,2020-11,Other,567
A004,2020-11,Pedestrian Stop,49
A004,2020-11,Property Offense,276
A004,2020-11,Public Order Offense,306
A004,2020-11,Vehicle Stop,478
A004,2020-11,Warrant,45
A004,2020-12,Civil Caretaking,637
A004,2020-12,Offense Against Person,134
A004,2020-12,Other,597
A004,2020-12,Pedestrian Stop,52
A004,2020-12,Property Offense,228
A004,2020-12,Public Order Offense,317
A004,2020-12,Vehicle Stop,458
A004,2020-12,Warrant,26
A004,2021-01,Civil Caretaking,542
A004,2021-01,Offense Against Person,132
A004,2021-01,Other,597
A004,2021-01,Pedestrian Stop,59
A004,2021-01,Property Offense,221
A004,2021-01,Public Order Offense,304
A004,2021-01,Vehicle Stop,517
A004,2021-01,Warrant,61
A004,2021-02,Civil Caretaking,723
A004,2021-02,Offense Against Person,106
A004,2021-02,Other,588
A004,2021-02,Pedestrian Stop,51
A004,2021-02,Property Offense,226
A004,2021-02,Public Order Offense,317
A004,2021-02,Vehicle Stop,457
A004,2021-02,Warrant,71
A004,2021-03,Civil Caretaking,569
A004,2021-03,Offense Against Person,146
A004,2021-03,Other,579
A004,2021-03,Pedestrian Stop,50
A004,2021-03,Property Offense,198
A004,2021-03,Public Order Offense,326
A004,2021-03,Vehicle Stop,487
A004,2021-03,Warrant,51
A004,2021-04,Civil Caretaking,490
A004,2021-04,Offense Against Person,183
A004,2021-04,Other,635
A004,2021-04,Pedestrian Stop,55
A004,2021-04,Property Offense,240
A004,2021-04,Public Order Offense,355
A004,2021-04,Vehicle Stop,565
A004,2021-04,Warrant,45
A004,2021-05,Civil Caretaking,500
A004,2021-05,Offense Against Person,189
A004,2021-05,Other,678
A004,2021-05,Pedestrian Stop,58
A004,2021-05,Property Offense,227
A004,2021-05,Public Order Offense,359
A004,2021-05,Vehicle Stop,535
A004,2021-05,Warrant,51
A004,2021-06,Civil Caretaking,500
A004,2021-06,Offense Against Person,181
A004,2021-06,Other,708
A004,2021-06,Pedestrian Stop,71
A004,2021-06,Property Offense,259
A004,2021-06,Public Order Offense,461
A004,2021-06,Vehicle Stop,543
A004,2021-06,Warrant,71
A004,2021-07,Civil Caretaking,492
A004,2021-07,Offense Against Person,180
A004,2021-07,Other,727
A004,2021-07,Pedestrian Stop,89
A004,2021-07,Property Offense,310
A004,2021-07,Public Order Offense,416
A004,2021-07,Vehicle Stop,537
A004,2021-07,Warrant,69
A004,2021-08,Civil Caretaking,501
A004,2021-08,Offense Against Person,167
A004,2021-08,Other,667
A004,2021-08,Pedestrian Stop,69
A004,2021-08,Property Offense,292
A004,2021-08,Public Order Offense,433
A004,2021-08,Vehicle Stop,554
A004,2021-08,Warrant,47
A004,2021-09,Civil Caretaking,504
A004,2021-09,Offense Against Person,153
A004,2021-09,Other,618
A004,2021-09,Pedestrian Stop,72
A004,2021-09,Property Offense,325
A004,2021-09,Public Order Offense,390
A004,2021-09,Vehicle Stop,535
A004,2021-09,Warrant,51
A004,2021-10,Civil Caretaking,489
A004,2021-10,Offense Against Person,146
A004,2021-10,Other,663
A004,2021-10,Pedestrian Stop,66
A004,2021-10,Property Offense,278
A004,2021-10,Public Order Offense,384
A004,2021-10,Vehicle Stop,576
A004,2021-10,Warrant,45
A004,2021-11,Civil Caretaking,538
A004,2021-11,Offense Against Person,119
A004,2021-11,Other,728
A004,2021-11,Pedestrian Stop,60
A004,2021-11,Property Offense,285
A004,2021-11,Public Order Offense,362
A004,2021-11,Vehicle Stop,543
A004,2021-11,Warrant,36
A004,2021-12,Civil Caretaking,703
A004,2021-12,Offense Against Person,112
A004,2021-12,Other,648
A004,2021-12,Pedestrian Stop,63
A004,2021-12,Property Offense,226
A004,2021-12,Public Order Offense,314
A004,2021-12,Vehicle Stop,511
A004,2021-12,Warrant,49
A004,2022-01,Civil Caretaking,640
A004,2022-01,Offense Against Person,136
A004,2022-01,Other,587
A004,2022-01,Pedestrian Stop,55
A004,2022-01,Property Offense,222
A004,2022-01,Public Order Offense,310
A004,2022-01,Vehicle Stop,502
A004,2022-01,Warrant,51
A004,2022-02,Civil Caretaking,573
A004,2022-02,Offense Against Person,127
A004,2022-02,Other,634
A004,2022-02,Pedestrian Stop,65
A004,2022-02,Property Offense,224
A004,2022-02,Public Order Offense,286
A004,2022-02,Vehicle Stop,436
A004,2022-02,Warrant,45
A004,2022-03,Civil Caretaking,583
A004,2022-03,Offense Against Person,159
A004,2022-03,Other,708
A004,2022-03,Pedestrian Stop,65
A004,2022-03,Property Offense,234
A004,2022-03,Public Order Offense,326
A004,2022-03,Vehicle Stop,446
A004,2022-03,Warrant,59
A004,2022-04,Civil Caretaking,530
A004,2022-04,Offense Against Person,157
A004,2022-04,Other,653
A004,2022-04,Pedestrian Stop,71
A004,2022-04,Property Offense,256
A004,2022-04,Public Order Offense,333
A004,2022-04,Vehicle Stop,486
A004,2022-04,Warrant,47
A004,2022-05,Civil Caretaking,473
A004,2022-05,Offense Against Person,168
A004,2022-05,Other,652
A004,2022-05,Pedestrian Stop,78
A004,2022-05,Property Offense,310
A004,2022-05,Public Order Offense,385
A004,2022-05,Vehicle Stop,519
A004,2022-05,Warrant,50
A004,2022-06,Civil Caretaking,512
A004,2022-06,Offense Against Person,212
A004,2022-06,Other,658
A004,2022-06,Pedestrian Stop,83
A004,2022-06,Property Offense,253
A004,2022-06,Public Order Offense,421
A004,2022-06,Vehicle Stop,605
A004,2022-06,Warrant,62
A004,2022-07,Civil Caretaking,406
A004,2022-07,Offense Against Person,167
A004,2022-07,Other,736
A004,2022-07,Pedestrian Stop,66
A004,2022-07,Property Offense,306
A004,2022-07,Public Order Offense,404
A004,2022-07,Vehicle Stop,590
A004,2022-07,Warrant,45
A004,2022-08,Civil Caretaking,483
A004,2022-08,Offense Against Person,207
A004,2022-08,Other,692
A004,2022-08,Pedestrian Stop,71
A004,2022-08,Property Offense,265
A004,2022-08,Public Order Offense,406
A004,2022-08,Vehicle Stop,577
A004,2022-08,Warrant,51
A004,2022-09,Civil Caretaking,521
A004,2022-09,Offense Against Person,186
A004,2022-09,Other,675
A004,2022-09,Pedestrian Stop,75
A004,2022-09,Property Offense,258
A004,2022-09,Public Order Offense,454
A004,2022-09,Vehicle Stop,586
A004,2022-09,Warrant,48
A004,2022-10,Civil Caretaking,475
A004,2022-10,Offense Against Person,142
A004,2022-10,Other,682
A004,2022-10,Pedestrian Stop,60
A004,2022-10,Property Offense,308
A004,2022-10,Public Order Offense,357
A004,2022-10,Vehicle Stop,534
A004,2022-10,Warrant,55
A004,2022-11,Civil Caretaking,634
A004,2022-11,Offense Against Person,156
A004,2022-11,Other,664
A004,2022-11,Pedestrian Stop,65
A004,2022-11,Property Offense,292
A004,2022-11,Public Order Offense,333
A004,2022-11,Vehicle Stop,510
A004,2022-11,Warrant,42
A004,2022-12,Civil Caretaking,593
A004,2022-12,Offense Against Person,143
A004,2022-12,Other,630
A004,2022-12,Pedestrian Stop,66
A004,2022-12,Property Offense,252
A004,2022-12,Public Order Offense,289
A004,2022-12,Vehicle Stop,441
A004,2022-12,Warrant,57
A004,2023-01,Civil Caretaking,667
A004,2023-01,Offense Against Person,129
A004,2023-01,Other,576
A004,2023-01,Pedestrian Stop,66
A004,2023-01,Property Offense,251
A004,2023-01,Public Order Offense,279
A004,2023-01,Vehicle Stop,503
A004,2023-01,Warrant,41
A004,2023-02,Civil Caretaking,564
A004,2023-02,Offense Against Person,126
A004,2023-02,Other,597
A004,2023-02,Pedestrian Stop,61
A004,2023-02,Property Offense,225
A004,2023-02,Public Order Offense,312
A004,2023-02,Vehicle Stop,439
A004,2023-02,Warrant,60
A004,2023-03,Civil Caretaking,574
A004,2023-03,Offense Against Person,147
A004,2023-03,Other,591
A004,2023-03,Pedestrian Stop,58
A004,2023-03,Property Offense,221
A004,2023-03,Public Order Offense,290
A004,2023-03,Vehicle Stop,478
A004,2023-03,Warrant,48
A004,2023-04,Civil Caretaking,472
A004,2023-04,Offense Against Person,143
A004,2023-04,Other,583
A004,2023-04,Pedestrian Stop,69
A004,2023-04,Property Offense,245
A004,2023-04,Public Order Offense,356
A004,2023-04,Vehicle Stop,506
A004,2023-04,Warrant,52
A004,2023-05,Civil Caretaking,509
A004,2023-05,Offense Against Person,180
A004,2023-05,Other,652
A004,2023-05,Pedestrian Stop,70
A004,2023-05,Property Offense,289
A004,2023-05,Public Order Offense,407
A004,2023-05,Vehicle Stop,486
A004,2023-05,Warrant,49
A004,2023-06,Civil Caretaking,503
A004,2023-06,Offense Against Person,194
A004,2023-06,Other,661
A004,2023-06,Pedestrian Stop,98
A004,2023-06,Property Offense,292
A004,2023-06,Public Order Offense,420
A004,2023-06,Vehicle Stop,488
A004,2023-06,Warrant,52
A004,2023-07,Civil Caretaking,484
A004,2023-07,Offense Against Person,215
A004,2023-07,Other,704
A004,2023-07,Pedestrian Stop,92
A004,2023-07,Property Offense,288
A004,2023-07,Public Order Offense,495
A004,2023-07,Vehicle Stop,497
A004,2023-07,Warrant,56
A004,2023-08,Civil Caretaking,451
A004,2023-08,Offense Against Person,190
A004,2023-08,Other,667
A004,2023-08,Pedestrian Stop,77
A004,2023-08,Property Offense,290
A004,2023-08,Public Order Offense,376
A004,2023-08,Vehicle Stop,604
A004,2023-08,Warrant,58
A004,2023-09,Civil Caretaking,516
A004,2023-09,Offense Against Person,161
A004,2023-09,Other,645
A004,2023-09,Pedestrian Stop,80
A004,2023-09,Property Offense,287
A004,2023-09,Public Order Offense,401
A004,2023-09,Vehicle Stop,528
A004,2023-09,Warrant,59
A004,2023-10,Civil Caretaking,555
A004,2023-10,Offense Against Person,161
A004,2023-10,Other,664
A004,2023-10,Pedestrian Stop,80
A004,2023-10,Property Offense,285
A004,2023-10,Public Order Offense,398
A004,2023-10,Vehicle Stop,570
A004,2023-10,Warrant,54
A004,2023-11,Civil Caretaking,505
A004,2023-11,Offense Against Person,117
A004,2023-11,Other,721
A004,2023-11,Pedestrian Stop,72
A004,2023-11,Property Offense,269
A004,2023-11,Public Order Offense,271
A004,2023-11,Vehicle Stop,474
A004,2023-11,Warrant,41
A004,2023-12,Civil Caretaking,615
A004,2023-12,Offense Against Person,128
A004,2023-12,Other,543
A004,2023-12,Pedestrian Stop,61
A004,2023-12,Property Offense,257
A004,2023-12,Public Order Offense,319
A004,2023-12,Vehicle Stop,490
A004,2023-12,Warrant,55
A004,2024-01,Civil Caretaking,578
A004,2024-01,Offense Against Person,124
A004,2024-01,Other,561
A004,2024-01,Pedestrian Stop,59
A004,2024-01,Property Offense,208
A004,2024-01,Public Order Offense,347
A004,2024-01,Vehicle Stop,517
A004,2024-01,Warrant,59
A004,2024-02,Civil Caretaking,553
A004,2024-02,Offense Against Person,142
A004,2024-02,Other,633
A004,2024-02,Pedestrian Stop,59
A004,2024-02,Property Offense,243
A004,2024-02,Public Order Offense,353
A004,2024-02,Vehicle Stop,396
A004,2024-02,Warrant,60
A004,2024-03,Civil Caretaking,522
A004,2024-03,Offense Against Person,137
A004,2024-03,Other,618
A004,2024-03,Pedestrian Stop,74
A004,2024-03,Property Offense,240
A004,2024-03,Public Order Offense,323
A004,2024-03,Vehicle Stop,452
A004,2024-03,Warrant,58
A004,2024-04,Civil Caretaking,578
A004,2024-04,Offense Against Person,186
A004,2024-04,Other,635
A004,2024-04,Pedestrian Stop,79
A004,2024-04,Property Offense,253
A004,2024-04,Public Order Offense,471
A004,2024-04,Vehicle Stop,494
A004,2024-04,Warrant,53
A004,2024-05,Civil Caretaking,565
A004,2024-05,Offense Against Person,165
A004,2024-05,Other,685
A004,2024-05,Pedestrian Stop,92
A004,2024-05,Property Offense,251
A004,2024-05,Public Order Offense,389
A004,2024-05,Vehicle Stop,521
A004,2024-05,Warrant,44
A004,2024-06,Civil Caretaking,504
A004,2024-06,Offense Against Person,180
A004,2024-06,Other,663
A004,2024-06,Pedestrian Stop,79
A004,2024-06,Property Offense,267
A004,2024-06,Public Order Offense,402
A004,2024-06,Vehicle Stop,579
A004,2024-06,Warrant,51
A004,2024-07,Civil Caretaking,491
A004,2024-07,Offense Against Person,186
A004,2024-07,Other,639
A004,2024-07,Pedestrian Stop,72
A004,2024-07,Property Offense,339
A004,2024-07,Public Order Offense,488
A004,2024-07,Vehicle Stop,515
A004,2024-07,Warrant,45
A004,2024-08,Civil Caretaking,438
A004,2024-08,Offense Against Person,233
A004,2024-08,Other,642
A004,2024-08,Pedestrian Stop,85
A004,2024-08,Property Offense,332
A004,2024-08,Public Order Offense,460
A004,2024-08,Vehicle Stop,561
A004,2024-08,Warrant,51
A004,2024-09,Civil Caretaking,515
A004,2024-09,Offense Against Person,178
A004,2024-09,Other,669
A004,2024-09,Pedestrian Stop,82
A004,2024-09,Property Offense,349
A004,2024-09,Public Order Offense,393
A004,2024-09,Vehicle Stop,577
A004,2024-09,Warrant,44
A004,2024-10,Civil Caretaking,522
A004,2024-10,Offense Against Person,164
A004,2024-10,Other,687
A004,2024-10,Pedestrian Stop,80
A004,2024-10,Property Offense,291
A004,2024-10,Public Order Offense,375
A004,2024-10,Vehicle Stop,567
A004,2024-10,Warrant,57
A004,2024-11,Civil Caretaking,538
A004,2024-11,Offense Against Person,142
A004,2024-11,Other,632
A004,2024-11,Pedestrian Stop,62
A004,2024-11,Property Offense,258
A004,2024-11,Public Order Offense,394
A004,2024-11,Vehicle Stop,507
A004,2024-11,Warrant,55
A004,2024-12,Civil Caretaking,569
A004,2024-12,Offense Against Person,108
A004,2024-12,Other,623
A004,2024-12,Pedestrian Stop,38
A004,2024-12,Property Offense,248
A004,2024-12,Public Order Offense,295
A004,2024-12,Vehicle Stop,482
A004,2024-12,Warrant,50
A004,2025-01,Civil Caretaking,541
A004,2025-01,Offense Against Person,114
A004,2025-01,Other,578
A004,2025-01,Pedestrian Stop,67
A004,2025-01,Property Offense,235
A004,2025-01,Public Order Offense,318
A004,2025-01,Vehicle Stop,460
A004,2025-01,Warrant,44
A004,2025-02,Civil Caretaking,581
A004,2025-02,Offense Against Person,146
A004,2025-02,Other,657
A004,2025-02,Pedestrian Stop,64
A004,2025-02,Property Offense,258
A004,2025-02,Public Order Offense,325
A004,2025-02,Vehicle Stop,490
A004,2025-02,Warrant,46
A004,2025-03,Civil Caretaking,637
A004,2025-03,Offense Against Person,127
A004,2025-03,Other,589
A004,2025-03,Pedestrian Stop,68
A004,2025-03,Property Offense,234
A004,2025-03,Public Order Offense,375
A004,2025-03,Vehicle Stop,463
A004,2025-03,Warrant,55
A004,2025-04,Civil Caretaking,511
A004,2025-04,Offense Against Person,165
A004,2025-04,Other,696
A004,2025-04,Pedestrian Stop,74
A004,2025-04,Property Offense,282
A004,2025-04,Public Order Offense,409
A004,2025-04,Vehicle Stop,514
A004,2025-04,Warrant,59
A004,2025-05,Civil Caretaking,571
A004,2025-05,Offense Against Person,177
A004,2025-05,Other,723
A004,2025-05,Pedestrian Stop,100
A004,2025-05,Property Offense,270
A004,2025-05,Public Order Offense,411
A004,2025-05,Vehicle Stop,550
A004,2025-05,Warrant,55
A004,2025-06,Civil Caretaking,507
A004,2025-06,Offense Against Person,198
A004,2025-06,Other,745
A004,2025-06,Pedestrian Stop,109
A004,2025-06,Property Offense,327
A004,2025-06,Public Order Offense,369
A004,2025-06,Vehicle Stop,675
A004,2025-06,Warrant,39
A004,2025-07,Civil Caretaking,531
A004,2025-07,Offense Against Person,226
A004,2025-07,Other,752
A004,2025-07,Pedestrian Stop,76
A004,2025-07,Property Offense,300
A004,2025-07,Public Order Offense,500
A004,2025-07,Vehicle Stop,593
A004,2025-07,Warrant,52
A004,2025-08,Civil Caretaking,493
A004,2025-08,Offense Against Person,201
A004,2025-08,Other,766
A004,2025-08,Pedestrian Stop,98
A004,2025-08,Property Offense,314
A004,2025-08,Public Order Offense,442
A004,2025-08,Vehicle Stop,651
A004,2025-08,Warrant,60
A004,2025-09,Civil Caretaking,491
A004,2025-09,Offense Against Person,165
A004,2025-09,Other,707
A004,2025-09,Pedestrian Stop,88
A004,2025-09,Property Offense,373
A004,2025-09,Public Order Offense,417
A004,2025-09,Vehicle Stop,587
A004,2025-09,Warrant,53
A004,2025-10,Civil Caretaking,619
A004,2025-10,Offense Against Person,159
A004,2025-10,Other,700
A004,2025-10,Pedestrian Stop,99
A004,2025-10,Property Offense,270
A004,2025-10,Public Order Offense,399
A004,2025-10,Vehicle Stop,551
A004,2025-10,Warrant,34
A004,2025-11,Civil Caretaking,560
A004,2025-11,Offense Against Person,134
A004,2025-11,Other,756
A004,2025-11,Pedestrian Stop,53
A004,2025-11,Property Offense,302
A004,2025-11,Public Order Offense,343
A004,2025-11,Vehicle Stop,605
A004,2025-11,Warrant,45
A004,2025-12,Civil Caretaking,606
A004,2025-12,Offense Against Person,167
A004,2025-12,Other,618
A004,2025-12,Pedestrian Stop,65
A004,2025-12,Property Offense,240
A004,2025-12,Public Order Offense,297
A004,2025-12,Vehicle Stop,497
A004,2025-12,Warrant,45
A004,2026-01,Civil Caretaking,610
A004,2026-01,Offense Against Person,133
A004,2026-01,Other,593
A004,2026-01,Pedestrian Stop,76
A004,2026-01,Property Offense,276
A004,2026-01,Public Order Offense,272
A004,2026-01,Vehicle Stop,555
A004,2026-01,Warrant,52
A004,2026-02,Civil Caretaking,629
A004,2026-02,Offense Against Person,118
A004,2026-02,Other,695
A004,2026-02,Pedestrian Stop,74
A004,2026-02,Property Offense,271
A004,2026-02,Public Order Offense,314
A004,2026-02,Vehicle Stop,528
A004,2026-02,Warrant,43
A004,2026-03,Civil Caretaking,579
A004,2026-03,Offense Against Person,173
A004,2026-03,Other,640
A004,2026-03,Pedestrian Stop,57
A004,2026-03,Property Offense,251
A004,2026-03,Public Order Offense,411
A004,2026-03,Vehicle Stop,536
A004,2026-03,Warrant,52
A004,2026-04,Civil Caretaking,592
A004,2026-04,Offense Against Person,192
A004,2026-04,Other,657
A004,2026-04,Pedestrian Stop,83
A004,2026-04,Property Offense,279
A004,2026-04,Public Order Offense,410
A004,2026-04,Vehicle Stop,599
A004,2026-04,Warrant,64
A004,2026-05,Civil Caretaking,377
A004,2026-05,Offense Against Person,144
A004,2026-05,Other,517
A004,2026-05,Pedestrian Stop,54
A004,2026-05,Property Offense,209
A004,2026-05,Public Order Offense,351
A004,2026-05,Vehicle Stop,393
A004,2026-05,Warrant,50
A004,2026-06,Civil Caretaking,249
A004,2026-06,Offense Against Person,79
A004,2026-06,Other,371
A004,2026-06,Pedestrian Stop,48
A004,2026-06,Property Offense,116
A004,2026-06,Public Order Offense,161
A004,2026-06,Vehicle Stop,258
A004,2026-06,Warrant,30
A005,2019-01,Civil Caretaking,338
A005,2019-01,Offense Against Person,71
A005,2019-01,Other,359
A005,2019-01,Pedestrian Stop,27
A005,2019-01,Property Offense,122
A005,2019-01,Public Order Offense,168
A005,2019-01,Vehicle Stop,217
A005,2019-01,Warrant,33
A005,2019-02,Civil Caretaking,311
A005,2019-02,Offense Against Person,64
A005,2019-02,Other,307
A005,2019-02,Pedestrian Stop,25
A005,2019-02,Property Offense,111
A005,2019-02,Public Order Offense,145
A005,2019-02,Vehicle Stop,244
A005,2019-02,Warrant,27
A005,2019-03,Civil Caretaking,323
A005,2019-03,Offense Against Person,83
A005,2019-03,Other,327
A005,2019-03,Pedestrian Stop,39
A005,2019-03,Property Offense,117
A005,2019-03,Public Order Offense,203
A005,2019-03,Vehicle Stop,235
A005,2019-03,Warrant,17
A005,2019-04,Civil Caretaking,244
A005,2019-04,Offense Against Person,79
A005,2019-04,Other,352
A005,2019-04,Pedestrian Stop,37
A005,2019-04,Property Offense,147
A005,2019-04,Public Order Offense,225
A005,2019-04,Vehicle Stop,247
A005,2019-04,Warrant,26
A005,2019-05,Civil Caretaking,239
A005,2019-05,Offense Against Person,106
A005,2019-05,Other,396
A005,2019-05,Pedestrian Stop,41
A005,2019-05,Property Offense,173
A005,2019-05,Public Order Offense,221
A005,2019-05,Vehicle Stop,276
A005,2019-05,Warrant,27
A005,2019-06,Civil Caretaking,275
A005,2019-06,Offense Against Person,87
A005,2019-06,Other,374
A005,2019-06,Pedestrian Stop,52
A005,2019-06,Property Offense,155
A005,2019-06,Public Order Offense,226
A005,2019-06,Vehicle Stop,248
A005,2019-06,Warrant,25
A005,2019-07,Civil Caretaking,313
A005,2019-07,Offense Against Person,109
A005,2019-07,Other,394
A005,2019-07,Pedestrian Stop,38
A005,2019-07,Property Offense,160
A005,2019-07,Public Order Offense,244
A005,2019-07,Vehicle Stop,325
A005,2019-07,Warrant,22
A005,2019-08,Civil Caretaking,284
A005,2019-08,Offense Against Person,103
A005,2019-08,Other,426
A005,2019-08,Pedestrian Stop,37
A005,2019-08,Property Offense,155
A005,2019-08,Public Order Offense,217
A005,2019-08,Vehicle Stop,303
A005,2019-08,Warrant,16
A005,2019-09,Civil Caretaking,278
A005,2019-09,Offense Against Person,82
A005,2019-09,Other,346
A005,2019-09,Pedestrian Stop,43
A005,2019-09,Property Offense,169
A005,2019-09,Public Order Offense,223
A005,2019-09,Vehicle Stop,302
A005,2019-09,Warrant,26
A005,2019-10,Civil Caretaking,320
A005,2019-10,Offense Against Person,91
A005,2019-10,Other,345
A005,2019-10,Pedestrian Stop,50
A005,2019-10,Property Offense,150
A005,2019-10,Public Order Offense,188
A005,2019-10,Vehicle Stop,310
A005,2019-10,Warrant,22
A005,2019-11,Civil Caretaking,302
A005,2019-11,Offense Against Person,76
A005,2019-11,Other,342
A005,2019-11,Pedestrian Stop,44
A005,2019-11,Property Offense,169
A005,2019-11,Public Order Offense,194
A005,2019-11,Vehicle Stop,292
A005,2019-11,Warrant,25
A005,2019-12,Civil Caretaking,329
A005,2019-12,Offense Against Person,76
A005,2019-12,Other,301
A005,2019-12,Pedestrian Stop,21
A005,2019-12,Property Offense,108
A005,2019-12,Public Order Offense,177
A005,2019-12,Vehicle Stop,311
A005,2019-12,Warrant,22
A005,2020-01,Civil Caretaking,328
A005,2020-01,Offense Against Person,61
A005,2020-01,Other,285
A005,2020-01,Pedestrian Stop,31
A005,2020-01,Property Offense,135
A005,2020-01,Public Order Offense,178
A005,2020-01,Vehicle Stop,216
A005,2020-01,Warrant,26
A005,2020-02,Civil Caretaking,330
A005,2020-02,Offense Against Person,80
A005,2020-02,Other,366
A005,2020-02,Pedestrian Stop,32
A005,2020-02,Property Offense,117
A005,2020-02,Public Order Offense,179
A005,2020-02,Vehicle Stop,289
A005,2020-02,Warrant,22
A005,2020-03,Civil Caretaking,339
A005,2020-03,Offense Against Person,76
A005,2020-03,Other,351
A005,2020-03,Pedestrian Stop,41
A005,2020-03,Property Offense,151
A005,2020-03,Public Order Offense,209
A005,2020-03,Vehicle Stop,287
A005,2020-03,Warrant,32
A005,2020-04,Civil Caretaking,292
A005,2020-04,Offense Against Person,80
A005,2020-04,Other,337
A005,2020-04,Pedestrian Stop,52
A005,2020-04,Property Offense,160
A005,2020-04,Public Order Offense,215
A005,2020-04,Vehicle Stop,296
A005,2020-04,Warrant,23
A005,2020-05,Civil Caretaking,319
A005,2020-05,Offense Against Person,116
A005,2020-05,Other,401
A005,2020-05,Pedestrian Stop,48
A005,2020-05,Property Offense,155
A005,2020-05,Public Order Offense,241
A005,2020-05,Vehicle Stop,290
A005,2020-05,Warrant,26
A005,2020-06,Civil Caretaking,245
A005,2020-06,Offense Against Person,98
A005,2020-06,Other,372
A005,2020-06,Pedestrian Stop,51
A005,2020-06,Property Offense,164
A005,2020-06,Public Order Offense,234
A005,2020-06,Vehicle Stop,286
A005,2020-06,Warrant,27
A005,2020-07,Civil Caretaking,303
A005,2020-07,Offense Against Person,118
A005,2020-07,Other,363
A005,2020-07,Pedestrian Stop,44
A005,2020-07,Property Offense,189
A005,2020-07,Public Order Offense,222
A005,2020-07,Vehicle Stop,319
A005,2020-07,Warrant,30
A005,2020-08,Civil Caretaking,291
A005,2020-08,Offense Against Person,113
A005,2020-08,Other,346
A005,2020-08,Pedestrian Stop,47
A005,2020-08,Property Offense,157
A005,2020-08,Public Order Offense,253
A005,2020-08,Vehicle Stop,293
A005,2020-08,Warrant,28
A005,2020-09,Civil Caretaking,328
A005,2020-09,Offense Against Person,90
A005,2020-09,Other,340
A005,2020-09,Pedestrian Stop,43
A005,2020-09,Property Offense,180
A005,2020-09,Public Order Offense,228
A005,2020-09,Vehicle Stop,270
A005,2020-09,Warrant,25
A005,2020-10,Civil Caretaking,301
A005,2020-10,Offense Against Person,104
A005,2020-10,Other,363
A005,2020-10,Pedestrian Stop,40
A005,2020-10,Property Offense,142
A005,2020-10,Public Order Offense,218
A005,2020-10,Vehicle Stop,321
A005,2020-10,Warrant,30
A005,2020-11,Civil Caretaking,293
A005,2020-11,Offense Against Person,86
A005,2020-11,Other,351
A005,2020-11,Pedestrian Stop,45
A005,2020-11,Property Offense,123
A005,2020-11,Public Order Offense,183
A005,2020-11,Vehicle Stop,281
A005,2020-11,Warrant,27
A005,2020-12,Civil Caretaking,318
A005,2020-12,Offense Against Person,88
A005,2020-12,Other,303
A005,2020-12,Pedestrian Stop,34
A005,2020-12,Property Offense,118
A005,2020-12,Public Order Offense,150
A005,2020-12,Vehicle Stop,284
A005,2020-12,Warrant,28
A005,2021-01,Civil Caretaking,349
A005,2021-01,Offense Against Person,53
A005,2021-01,Other,308
A005,2021-01,Pedestrian Stop,42
A005,2021-01,Property Offense,132
A005,2021-01,Public Order Offense,160
A005,2021-01,Vehicle Stop,269
A005,2021-01,Warrant,31
A005,2021-02,Civil Caretaking,269
A005,2021-02,Offense Against Person,75
A005,2021-02,Other,359
A005,2021-02,Pedestrian Stop,38
A005,2021-02,Property Offense,155
A005,2021-02,Public Order Offense,155
A005,2021-02,Vehicle Stop,270
A005,2021-02,Warrant,27
A005,2021-03,Civil Caretaking,335
A005,2021-03,Offense Against Person,91
A005,2021-03,Other,332
A005,2021-03,Pedestrian Stop,41
A005,2021-03,Property Offense,135
A005,2021-03,Public Order Offense,190
A005,2021-03,Vehicle Stop,244
A005,2021-03,Warrant,29
A005,2021-04,Civil Caretaking,282
A005,2021-04,Offense Against Person,88
A005,2021-04,Other,348
A005,2021-04,Pedestrian Stop,40
A005,2021-04,Property Offense,137
A005,2021-04,Public Order Offense,182
A005,2021-04,Vehicle Stop,293
A005,2021-04,Warrant,28
A005,2021-05,Civil Caretaking,285
A005,2021-05,Offense Against Person,71
A005,2021-05,Other,375
A005,2021-05,Pedestrian Stop,32
A005,2021-05,Property Offense,154
A005,2021-05,Public Order Offense,245
A005,2021-05,Vehicle Stop,277
A005,2021-05,Warrant,28
A005,2021-06,Civil Caretaking,324
A005,2021-06,Offense Against Person,103
A005,2021-06,Other,411
A005,2021-06,Pedestrian Stop,46
A005,2021-06,Property Offense,139
A005,2021-06,Public Order Offense,244
A005,2021-06,Vehicle Stop,322
A005,2021-06,Warrant,20
A005,2021-07,Civil Caretaking,299
A005,2021-07,Offense Against Person,103
A005,2021-07,Other,401
A005,2021-07,Pedestrian Stop,51
A005,2021-07,Property Offense,160
A005,2021-07,Public Order Offense,245
A005,2021-07,Vehicle Stop,292
A005,2021-07,Warrant,32
A005,2021-08,Civil Caretaking,259
A005,2021-08,Offense Against Person,106
A005,2021-08,Other,418
A005,2021-08,Pedestrian Stop,39
A005,2021-08,Property Offense,161
A005,2021-08,Public Order Offense,256
A005,2021-08,Vehicle Stop,305
A005,2021-08,Warrant,23
A005,2021-09,Civil Caretaking,254
A005,2021-09,Offense Against Person,81
A005,2021-09,Other,420
A005,2021-09,Pedestrian Stop,34
A005,2021-09,Property Offense,170
A005,2021-09,Public Order Offense,226
A005,2021-09,Vehicle Stop,301
A005,2021-09,Warrant,27
A005,2021-10,Civil Caretaking,319
A005,2021-10,Offense Against Person,90
A005,2021-10,Other,347
A005,2021-10,Pedestrian Stop,35
A005,2021-10,Property Offense,157
A005,2021-10,Public Order Offense,183
A005,2021-10,Vehicle Stop,325
A005,2021-10,Warrant,22
A005,2021-11,Civil Caretaking,299
A005,2021-11,Offense Against Person,96
A005,2021-11,Other,344
A005,2021-11,Pedestrian Stop,33
A005,2021-11,Property Offense,175
A005,2021-11,Public Order Offense,197
A005,2021-11,Vehicle Stop,301
A005,2021-11,Warrant,32
A005,2021-12,Civil Caretaking,298
A005,2021-12,Offense Against Person,79
A005,2021-12,Other,364
A005,2021-12,Pedestrian Stop,44
A005,2021-12,Property Offense,154
A005,2021-12,Public Order Offense,191
A005,2021-12,Vehicle Stop,293
A005,2021-12,Warrant,27
A005,2022-01,Civil Caretaking,323
A005,2022-01,Offense Against Person,60
A005,2022-01,Other,311
A005,2022-01,Pedestrian Stop,31
A005,2022-01,Property Offense,124
A005,2022-01,Public Order Offense,152
A005,2022-01,Vehicle Stop,300
A005,2022-01,Warrant,30
A005,2022-02,Civil Caretaking,388
A005,2022-02,Offense Against Person,77
A005,2022-02,Other,350
A005,2022-02,Pedestrian Stop,26
A005,2022-02,Property Offense,133
A005,2022-02,Public Order Offense,145
A005,2022-02,Vehicle Stop,272
A005,2022-02,Warrant,39
A005,2022-03,Civil Caretaking,318
A005,2022-03,Offense Against Person,74
A005,2022-03,Other,324
A005,2022-03,Pedestrian Stop,46
A005,2022-03,Property Offense,138
A005,2022-03,Public Order Offense,178
A005,2022-03,Vehicle Stop,269
A005,2022-03,Warrant,16
A005,2022-04,Civil Caretaking,330
A005,2022-04,Offense Against Person,102
A005,2022-04,Other,386
A005,2022-04,Pedestrian Stop,32
A005,2022-04,Property Offense,151
A005,2022-04,Public Order Offense,217
A005,2022-04,Vehicle Stop,270
A005,2022-04,Warrant,25
A005,2022-05,Civil Caretaking,291
A005,2022-05,Offense Against Person,109
A005,2022-05,Other,336
A005,2022-05,Pedestrian Stop,47
A005,2022-05,Property Offense,157
A005,2022-05,Public Order Offense,218
A005,2022-05,Vehicle Stop,295
A005,2022-05,Warrant,36
A005,2022-06,Civil Caretaking,302
A005,2022-06,Offense Against Person,133
A005,2022-06,Other,416
A005,2022-06,Pedestrian Stop,44
A005,2022-06,Property Offense,148
A005,2022-06,Public Order Offense,291
A005,2022-06,Vehicle Stop,301
A005,2022-06,Warrant,28
A005,2022-07,Civil Caretaking,310
A005,2022-07,Offense Against Person,107
A005,2022-07,Other,380
A005,2022-07,Pedestrian Stop,43
A005,2022-07,Property Offense,158
A005,2022-07,Public Order Offense,231
A005,2022-07,Vehicle Stop,318
A005,2022-07,Warrant,40
A005,2022-08,Civil Caretaking,318
A005,2022-08,Offense Against Person,100
A005,2022-08,Other,419
A005,2022-08,Pedestrian Stop,36
A005,2022-08,Property Offense,159
A005,2022-08,Public Order Offense,273
A005,2022-08,Vehicle Stop,293
A005,2022-08,Warrant,28
A005,2022-09,Civil Caretaking,290
A005,2022-09,Offense Against Person,81
A005,2022-09,Other,334
A005,2022-09,Pedestrian Stop,46
A005,2022-09,Property Offense,149
A005,2022-09,Public Order Offense,218
A005,2022-09,Vehicle Stop,311
A005,2022-09,Warrant,22
A005,2022-10,Civil Caretaking,266
A005,2022-10,Offense Against Person,98
A005,2022-10,Other,359
A005,2022-10,Pedestrian Stop,46
A005,2022-10,Property Offense,162
A005,2022-10,Public Order Offense,225
A005,2022-10,Vehicle Stop,259
A005,2022-10,Warrant,30
A005,2022-11,Civil Caretaking,314
A005,2022-11,Offense Against Person,95
A005,2022-11,Other,342
A005,2022-11,Pedestrian Stop,38
A005,2022-11,Property Offense,121
A005,2022-11,Public Order Offense,189
A005,2022-11,Vehicle Stop,284
A005,2022-11,Warrant,21
A005,2022-12,Civil Caretaking,331
A005,2022-12,Offense Against Person,75
A005,2022-12,Other,348
A005,2022-12,Pedestrian Stop,31
A005,2022-12,Property Offense,133
A005,2022-12,Public Order Offense,147
A005,2022-12,Vehicle Stop,249
A005,2022-12,Warrant,29
A005,2023-01,Civil Caretaking,323
A005,2023-01,Offense Against Person,79
A005,2023-01,Other,314
A005,2023-01,Pedestrian Stop,34
A005,2023-01,Property Offense,146
A005,2023-01,Public Order Offense,158
A005,2023-01,Vehicle Stop,321
A005,2023-01,Warrant,28
A005,2023-02,Civil Caretaking,322
A005,2023-02,Offense Against Person,71
A005,2023-02,Other,397
A005,2023-02,Pedestrian Stop,27
A005,2023-02,Property Offense,115
A005,2023-02,Public Order Offense,171
A005,2023-02,Vehicle Stop,275
A005,2023-02,Warrant,27
A005,2023-03,Civil Caretaking,309
A005,2023-03,Offense Against Person,82
A005,2023-03,Other,319
A005,2023-03,Pedestrian Stop,35
A005,2023-03,Property Offense,130
A005,2023-03,Public Order Offense,171
A005,2023-03,Vehicle Stop,254
A005,2023-03,Warrant,38
A005,2023-04,Civil Caretaking,317
A005,2023-04,Offense Against Person,92
A005,2023-04,Other,371
A005,2023-04,Pedestrian Stop,44
A005,2023-04,Property Offense,133
A005,2023-04,Public Order Offense,195
A005,2023-04,Vehicle Stop,289
A005,2023-04,Warrant,35
A005,2023-05,Civil Caretaking,304
A005,2023-05,Offense Against Person,90
A005,2023-05,Other,408
A005,2023-05,Pedestrian Stop,51
A005,2023-05,Property Offense,150
A005,2023-05,Public Order Offense,245
A005,2023-05,Vehicle Stop,345
A005,2023-05,Warrant,26
A005,2023-06,Civil Caretaking,291
A005,2023-06,Offense Against Person,141
A005,2023-06,Other,384
A005,2023-06,Pedestrian Stop,35
A005,2023-06,Property Offense,185
A005,2023-06,Public Order Offense,259
A005,2023-06,Vehicle Stop,306
A005,2023-06,Warrant,27
A005,2023-07,Civil Caretaking,278
A005,2023-07,Offense Against Person,111
A005,2023-07,Other,354
A005,2023-07,Pedestrian Stop,41
A005,2023-07,Property Offense,183
A005,2023-07,Public Order Offense,256
A005,2023-07,Vehicle Stop,301
A005,2023-07,Warrant,23
A005,2023-08,Civil Caretaking,297
A005,2023-08,Offense Against Person,102
A005,2023-08,Other,343
A005,2023-08,Pedestrian Stop,63
A005,2023-08,Property Offense,159
A005,2023-08,Public Order Offense,255
A005,2023-08,Vehicle Stop,369
A005,2023-08,Warrant,27
A005,2023-09,Civil Caretaking,254
A005,2023-09,Offense Against Person,111
A005,2023-09,Other,418
A005,2023-09,Pedestrian Stop,42
A005,2023-09,Property Offense,160
A005,2023-09,Public Order Offense,221
A005,2023-09,Vehicle Stop,347
A005,2023-09,Warrant,27
A005,2023-10,Civil Caretaking,288
A005,2023-10,Offense Against Person,98
A005,2023-10,Other,340
A005,2023-10,Pedestrian Stop,37
A005,2023-10,Property Offense,190
A005,2023-10,Public Order Offense,205
A005,2023-10,Vehicle Stop,328
A005,2023-10,Warrant,33
A005,2023-11,Civil Caretaking,340
A005,2023-11,Offense Against Person,90
A005,2023-11,Other,351
A005,2023-11,Pedestrian Stop,35
A005,2023-11,Property Offense,161
A005,2023-11,Public Order Offense,195
A005,2023-11,Vehicle Stop,291
A005,2023-11,Warrant,33
A005,2023-12,Civil Caretaking,352
A005,2023-12,Offense Against Person,71
A005,2023-12,Other,342
A005,2023-12,Pedestrian Stop,38
A005,2023-12,Property Offense,169
A005,2023-12,Public Order Offense,197
A005,2023-12,Vehicle Stop,288
A005,2023-12,Warrant,26
A005,2024-01,Civil Caretaking,333
A005,2024-01,Offense Against Person,79
A005,2024-01,Other,354
A005,2024-01,Pedestrian Stop,38
A005,2024-01,Property Offense,151
A005,2024-01,Public Order Offense,163
A005,2024-01,Vehicle Stop,223
A005,2024-01,Warrant,31
A005,2024-02,Civil Caretaking,353
A005,2024-02,Offense Against Person,63
A005,2024-02,Other,376
A005,2024-02,Pedestrian Stop,30
A005,2024-02,Property Offense,142
A005,2024-02,Public Order Offense,166
A005,2024-02,Vehicle Stop,229
A005,2024-02,Warrant,32
A005,2024-03,Civil Caretaking,346
A005,2024-03,Offense Against Person,69
A005,2024-03,Other,389
A005,2024-03,Pedestrian Stop,31
A005,2024-03,Property Offense,141
A005,2024-03,Public Order Offense,185
A005,2024-03,Vehicle Stop,257
A005,2024-03,Warrant,30
A005,2024-04,Civil Caretaking,324
A005,2024-04,Offense Against Person,104
A005,2024-04,Other,374
A005,2024-04,Pedestrian Stop,47
A005,2024-04,Property Offense,177
A005,2024-04,Public Order Offense,198
A005,2024-04,Vehicle Stop,239
A005,2024-04,Warrant,30
A005,2024-05,Civil Caretaking,267
A005,2024-05,Offense Against Person,94
A005,2024-05,Other,427
A005,2024-05,Pedestrian Stop,50
A005,2024-05,Property Offense,129
A005,2024-05,Public Order Offense,256
A005,2024-05,Vehicle Stop,328
A005,2024-05,Warrant,27
A005,2024-06,Civil Caretaking,276
A005,2024-06,Offense Against Person,118
A005,2024-06,Other,404
A005,2024-06,Pedestrian Stop,52
A005,2024-06,Property Offense,185
A005,2024-06,Public Order Offense,295
A005,2024-06,Vehicle Stop,327
A005,2024-06,Warrant,41
A005,2024-07,Civil Caretaking,287
A005,2024-07,Offense Against Person,124
A005,2024-07,Other,386
A005,2024-07,Pedestrian Stop,38
A005,2024-07,Property Offense,172
A005,2024-07,Public Order Offense,273
A005,2024-07,Vehicle Stop,325
A005,2024-07,Warrant,28
A005,2024-08,Civil Caretaking,317
A005,2024-08,Offense Against Person,123
A005,2024-08,Other,472
A005,2024-08,Pedestrian Stop,50
A005,2024-08,Property Offense,191
A005,2024-08,Public Order Offense,248
A005,2024-08,Vehicle Stop,302
A005,2024-08,Warrant,23
A005,2024-09,Civil Caretaking,352
A005,2024-09,Offense Against Person,97
A005,2024-09,Other,396
A005,2024-09,Pedestrian Stop,58
A005,2024-09,Property Offense,159
A005,2024-09,Public Order Offense,236
A005,2024-09,Vehicle Stop,318
A005,2024-09,Warrant,17
A005,2024-10,Civil Caretaking,285
A005,2024-10,Offense Against Person,86
A005,2024-10,Other,361
A005,2024-10,Pedestrian Stop,30
A005,2024-10,Property Offense,142
A005,2024-10,Public Order Offense,221
A005,2024-10,Vehicle Stop,352
A005,2024-10,Warrant,32
A005,2024-11,Civil Caretaking,335
A005,2024-11,Offense Against Person,69
A005,2024-11,Other,409
A005,2024-11,Pedestrian Stop,34
A005,2024-11,Property Offense,147
A005,2024-11,Public Order Offense,183
A005,2024-11,Vehicle Stop,341
A005,2024-11,Warrant,20
A005,2024-12,Civil Caretaking,353
A005,2024-12,Offense Against Person,81
A005,2024-12,Other,339
A005,2024-12,Pedestrian Stop,38
A005,2024-12,Property Offense,142
A005,2024-12,Public Order Offense,182
A005,2024-12,Vehicle Stop,314
A005,2024-12,Warrant,15
A005,2025-01,Civil Caretaking,342
A005,2025-01,Offense Against Person,66
A005,2025-01,Other,320
A005,2025-01,Pedestrian Stop,29
A005,2025-01,Property Offense,123
A005,2025-01,Public Order Offense,156
A005,2025-01,Vehicle Stop,264
A005,2025-01,Warrant,24
A005,2025-02,Civil Caretaking,315
A005,2025-02,Offense Against Person,60
A005,2025-02,Other,371
A005,2025-02,Pedestrian Stop,28
A005,2025-02,Property Offense,138
A005,2025-02,Public Order Offense,171
A005,2025-02,Vehicle Stop,266
A005,2025-02,Warrant,36
A005,2025-03,Civil Caretaking,340
A005,2025-03,Offense Against Person,99
A005,2025-03,Other,357
A005,2025-03,Pedestrian Stop,21
A005,2025-03,Property Offense,130
A005,2025-03,Public Order Offense,186
A005,2025-03,Vehicle Stop,295
A005,2025-03,Warrant,28
A005,2025-04,Civil Caretaking,320
A005,2025-04,Offense Against Person,103
A005,2025-04,Other,386
A005,2025-04,Pedestrian Stop,38
A005,2025-04,Property Offense,170
A005,2025-04,Public Order Offense,213
A005,2025-04,Vehicle Stop,272
A005,2025-04,Warrant,26
A005,2025-05,Civil Caretaking,297
A005,2025-05,Offense Against Person,108
A005,2025-05,Other,397
A005,2025-05,Pedestrian Stop,36
A005,2025-05,Property Offense,170
A005,2025-05,Public Order Offense,262
A005,2025-05,Vehicle Stop,288
A005,2025-05,Warrant,21
A005,2025-06,Civil Caretaking,267
A005,2025-06,Offense Against Person,139
A005,2025-06,Other,395
A005,2025-06,Pedestrian Stop,42
A005,2025-06,Property Offense,150
A005,2025-06,Public Order Offense,240
A005,2025-06,Vehicle Stop,336
A005,2025-06,Warrant,36
A005,2025-07,Civil Caretaking,263
A005,2025-07,Offense Against Person,122
A005,2025-07,Other,499
A005,2025-07,Pedestrian Stop,40
A005,2025-07,Property Offense,197
A005,2025-07,Public Order Offense,272
A005,2025-07,Vehicle Stop,326
A005,2025-07,Warrant,32
A005,2025-08,Civil Caretaking,301
A005,2025-08,Offense Against Person,101
A005,2025-08,Other,393
A005,2025-08,Pedestrian Stop,42
A005,2025-08,Property Offense,168
A005,2025-08,Public Order Offense,283
A005,2025-08,Vehicle Stop,289
A005,2025-08,Warrant,37
A005,2025-09,Civil Caretaking,265
A005,2025-09,Offense Against Person,112
A005,2025-09,Other,408
A005,2025-09,Pedestrian Stop,58
A005,2025-09,Property Offense,165
A005,2025-09,Public Order Offense,212
A005,2025-09,Vehicle Stop,340
A005,2025-09,Warrant,27
A005,2025-10,Civil Caretaking,287
A005,2025-10,Offense Against Person,94
A005,2025-10,Other,425
A005,2025-10,Pedestrian Stop,46
A005,2025-10,Property Offense,164
A005,2025-10,Public Order Offense,212
A005,2025-10,Vehicle Stop,332
A005,2025-10,Warrant,30
A005,2025-11,Civil Caretaking,368
A005,2025-11,Offense Against Person,81
A005,2025-11,Other,355
A005,2025-11,Pedestrian Stop,40
A005,2025-11,Property Offense,157
A005,2025-11,Public Order Offense,199
A005,2025-11,Vehicle Stop,362
A005,2025-11,Warrant,24
A005,2025-12,Civil Caretaking,338
A005,2025-12,Offense Against Person,86
A005,2025-12,Other,393
A005,2025-12,Pedestrian Stop,30
A005,2025-12,Property Offense,162
A005,2025-12,Public Order Offense,202
A005,2025-12,Vehicle Stop,299
A005,2025-12,Warrant,27
A005,2026-01,Civil Caretaking,351
A005,2026-01,Offense Against Person,85
A005,2026-01,Other,433
A005,2026-01,Pedestrian Stop,41
A005,2026-01,Property Offense,132
A005,2026-01,Public Order Offense,167
A005,2026-01,Vehicle Stop,279
A005,2026-01,Warrant,35
A005,2026-02,Civil Caretaking,372
A005,2026-02,Offense Against Person,81
A005,2026-02,Other,357
A005,2026-02,Pedestrian Stop,39
A005,2026-02,Property Offense,131
A005,2026-02,Public Order Offense,149
A005,2026-02,Vehicle Stop,291
A005,2026-02,Warrant,29
A005,2026-03,Civil Caretaking,316
A005,2026-03,Offense Against Person,72
A005,2026-03,Other,363
A005,2026-03,Pedestrian Stop,28
A005,2026-03,Property Offense,139
A005,2026-03,Public Order Offense,192
A005,2026-03,Vehicle Stop,286
A005,2026-03,Warrant,28
A005,2026-04,Civil Caretaking,362
A005,2026-04,Offense Against Person,123
A005,2026-04,Other,425
A005,2026-04,Pedestrian Stop,47
A005,2026-04,Property Offense,150
A005,2026-04,Public Order Offense,247
A005,2026-04,Vehicle Stop,297
A005,2026-04,Warrant,28
A005,2026-05,Civil Caretaking,252
A005,2026-05,Offense Against Person,99
A005,2026-05,Other,265
A005,2026-05,Pedestrian Stop,37
A005,2026-05,Property Offense,128
A005,2026-05,Public Order Offense,206
A005,2026-05,Vehicle Stop,199
A005,2026-05,Warrant,23
A005,2026-06,Civil Caretaking,121
A005,2026-06,Offense Against Person,51
A005,2026-06,Other,153
A005,2026-06,Pedestrian Stop,25
A005,2026-06,Property Offense,81
A005,2026-06,Public Order Offense,110
A005,2026-06,Vehicle Stop,160
A005,2026-06,Warrant,20
A006,2019-01,Civil Caretaking,96
A006,2019-01,Offense Against Person,19
A006,2019-01,Other,90
A006,2019-01,Pedestrian Stop,11
A006,2019-01,Property Offense,38
A006,2019-01,Public Order Offense,41
A006,2019-01,Vehicle Stop,56
A006,2019-01,Warrant,5
A006,2019-02,Civil Caretaking,69
A006,2019-02,Offense Against Person,16
A006,2019-02,Other,83
A006,2019-02,Pedestrian Stop,6
A006,2019-02,Property Offense,29
A006,2019-02,Public Order Offense,43
A006,2019-02,Vehicle Stop,48
A006,2019-02,Warrant,5
A006,2019-03,Civil Caretaking,95
A006,2019-03,Offense Against Person,21
A006,2019-03,Other,94
A006,2019-03,Pedestrian Stop,10
A006,2019-03,Property Offense,28
A006,2019-03,Public Order Offense,48
A006,2019-03,Vehicle Stop,54
A006,2019-03,Warrant,5
A006,2019-04,Civil Caretaking,97
A006,2019-04,Offense Against Person,12
A006,2019-04,Other,79
A006,2019-04,Pedestrian Stop,9
A006,2019-04,Property Offense,32
A006,2019-04,Public Order Offense,50
A006,2019-04,Vehicle Stop,80
A006,2019-04,Warrant,6
A006,2019-05,Civil Caretaking,62
A006,2019-05,Offense Against Person,37
A006,2019-05,Other,89
A006,2019-05,Pedestrian Stop,16
A006,2019-05,Property Offense,36
A006,2019-05,Public Order Offense,52
A006,2019-05,Vehicle Stop,92
A006,2019-05,Warrant,6
A006,2019-06,Civil Caretaking,72
A006,2019-06,Offense Against Person,24
A006,2019-06,Other,112
A006,2019-06,Pedestrian Stop,10
A006,2019-06,Property Offense,46
A006,2019-06,Public Order Offense,66
A006,2019-06,Vehicle Stop,73
A006,2019-06,Warrant,5
A006,2019-07,Civil Caretaking,63
A006,2019-07,Offense Against Person,28
A006,2019-07,Other,82
A006,2019-07,Pedestrian Stop,14
A006,2019-07,Property Offense,45
A006,2019-07,Public Order Offense,64
A006,2019-07,Vehicle Stop,75
A006,2019-07,Warrant,5
A006,2019-08,Civil Caretaking,73
A006,2019-08,Offense Against Person,20
A006,2019-08,Other,105
A006,2019-08,Pedestrian Stop,16
A006,2019-08,Property Offense,42
A006,2019-08,Public Order Offense,67
A006,2019-08,Vehicle Stop,65
A006,2019-08,Warrant,6
A006,2019-09,Civil Caretaking,75
A006,2019-09,Offense Against Person,26
A006,2019-09,Other,109
A006,2019-09,Pedestrian Stop,13
A006,2019-09,Property Offense,38
A006,2019-09,Public Order Offense,74
A006,2019-09,Vehicle Stop,77
A006,2019-09,Warrant,4
A006,2019-10,Civil Caretaking,76
A006,2019-10,Offense Against Person,25
A006,2019-10,Other,105
A006,2019-10,Pedestrian Stop,6
A006,2019-10,Property Offense,57
A006,2019-10,Public Order Offense,67
A006,2019-10,Vehicle Stop,77
A006,2019-10,Warrant,9
A006,2019-11,Civil Caretaking,79
A006,2019-11,Offense Against Person,14
A006,2019-11,Other,72
A006,2019-11,Pedestrian Stop,7
A006,2019-11,Property Offense,38
A006,2019-11,Public Order Offense,51
A006,2019-11,Vehicle Stop,73
A006,2019-11,Warrant,5
A006,2019-12,Civil Caretaking,75
A006,2019-12,Offense Against Person,21
A006,2019-12,Other,87
A006,2019-12,Pedestrian Stop,11
A006,2019-12,Property Offense,33
A006,2019-12,Public Order Offense,38
A006,2019-12,Vehicle Stop,64
A006,2019-12,Warrant,5
A006,2020-01,Civil Caretaking,85
A006,2020-01,Offense Against Person,13
A006,2020-01,Other,83
A006,2020-01,Pedestrian Stop,6
A006,2020-01,Property Offense,29
A006,2020-01,Public Order Offense,37
A006,2020-01,Vehicle Stop,67
A006,2020-01,Warrant,5
A006,2020-02,Civil Caretaking,96
A006,2020-02,Offense Against Person,17
A006,2020-02,Other,79
A006,2020-02,Pedestrian Stop,6
A006,2020-02,Property Offense,29
A006,2020-02,Public Order Offense,38
A006,2020-02,Vehicle Stop,58
A006,2020-02,Warrant,10
A006,2020-03,Civil Caretaking,88
A006,2020-03,Offense Against Person,17
A006,2020-03,Other,90
A006,2020-03,Pedestrian Stop,8
A006,2020-03,Property Offense,27
A006,2020-03,Public Order Offense,48
A006,2020-03,Vehicle Stop,76
A006,2020-03,Warrant,7
A006,2020-04,Civil Caretaking,82
A006,2020-04,Offense Against Person,26
A006,2020-04,Other,104
A006,2020-04,Pedestrian Stop,9
A006,2020-04,Property Offense,35
A006,2020-04,Public Order Offense,55
A006,2020-04,Vehicle Stop,73
A006,2020-04,Warrant,7
A006,2020-05,Civil Caretaking,82
A006,2020-05,Offense Against Person,24
A006,2020-05,Other,92
A006,2020-05,Pedestrian Stop,9
A006,2020-05,Property Offense,33
A006,2020-05,Public Order Offense,63
A006,2020-05,Vehicle Stop,76
A006,2020-05,Warrant,6
A006,2020-06,Civil Caretaking,72
A006,2020-06,Offense Against Person,31
A006,2020-06,Other,86
A006,2020-06,Pedestrian Stop,9
A006,2020-06,Property Offense,37
A006,2020-06,Public Order Offense,64
A006,2020-06,Vehicle Stop,86
A006,2020-06,Warrant,7
A006,2020-07,Civil Caretaking,71
A006,2020-07,Offense Against Person,16
A006,2020-07,Other,103
A006,2020-07,Pedestrian Stop,11
A006,2020-07,Property Offense,47
A006,2020-07,Public Order Offense,67
A006,2020-07,Vehicle Stop,79
A006,2020-07,Warrant,8
A006,2020-08,Civil Caretaking,69
A006,2020-08,Offense Against Person,21
A006,2020-08,Other,105
A006,2020-08,Pedestrian Stop,12
A006,2020-08,Property Offense,52
A006,2020-08,Public Order Offense,64
A006,2020-08,Vehicle Stop,90
A006,2020-08,Warrant,7
A006,2020-09,Civil Caretaking,71
A006,2020-09,Offense Against Person,24
A006,2020-09,Other,103
A006,2020-09,Pedestrian Stop,15
A006,2020-09,Property Offense,42
A006,2020-09,Public Order Offense,62
A006,2020-09,Vehicle Stop,86
A006,2020-09,Warrant,1
A006,2020-10,Civil Caretaking,74
A006,2020-10,Offense Against Person,28
A006,2020-10,Other,117
A006,2020-10,Pedestrian Stop,10
A006,2020-10,Property Offense,38
A006,2020-10,Public Order Offense,60
A006,2020-10,Vehicle Stop,70
A006,2020-10,Warrant,9
A006,2020-11,Civil Caretaking,67
A006,2020-11,Offense Against Person,24
A006,2020-11,Other,80
A006,2020-11,Pedestrian Stop,10
A006,2020-11,Property Offense,25
A006,2020-11,Public Order Offense,29
A006,2020-11,Vehicle Stop,83
A006,2020-11,Warrant,4
A006,2020-12,Civil Caretaking,93
A006,2020-12,Offense Against Person,15
A006,2020-12,Other,91
A006,2020-12,Pedestrian Stop,7
A006,2020-12,Property Offense,31
A006,2020-12,Public Order Offense,49
A006,2020-12,Vehicle Stop,72
A006,2020-12,Warrant,7
A006,2021-01,Civil Caretaking,67
A006,2021-01,Offense Against Person,13
A006,2021-01,Other,90
A006,2021-01,Pedestrian Stop,7
A006,2021-01,Property Offense,32
A006,2021-01,Public Order Offense,49
A006,2021-01,Vehicle Stop,66
A006,2021-01,Warrant,4
A006,2021-02,Civil Caretaking,91
A006,2021-02,Offense Against Person,27
A006,2021-02,Other,81
A006,2021-02,Pedestrian Stop,13
A006,2021-02,Property Offense,32
A006,2021-02,Public Order Offense,45
A006,2021-02,Vehicle Stop,67
A006,2021-02,Warrant,7
A006,2021-03,Civil Caretaking,88
A006,2021-03,Offense Against Person,22
A006,2021-03,Other,101
A006,2021-03,Pedestrian Stop,12
A006,2021-03,Property Offense,40
A006,2021-03,Public Order Offense,52
A006,2021-03,Vehicle Stop,67
A006,2021-03,Warrant,6
A006,2021-04,Civil Caretaking,70
A006,2021-04,Offense Against Person,26
A006,2021-04,Other,92
A006,2021-04,Pedestrian Stop,6
A006,2021-04,Property Offense,30
A006,2021-04,Public Order Offense,63
A006,2021-04,Vehicle Stop,65
A006,2021-04,Warrant,8
A006,2021-05,Civil Caretaking,74
A006,2021-05,Offense Against Person,25
A006,2021-05,Other,99
A006,2021-05,Pedestrian Stop,8
A006,2021-05,Property Offense,45
A006,2021-05,Public Order Offense,60
A006,2021-05,Vehicle Stop,63
A006,2021-05,Warrant,9
A006,2021-06,Civil Caretaking,48
A006,2021-06,Offense Against Person,26
A006,2021-06,Other,104
A006,2021-06,Pedestrian Stop,8
A006,2021-06,Property Offense,44
A006,2021-06,Public Order Offense,79
A006,2021-06,Vehicle Stop,79
A006,2021-06,Warrant,10
A006,2021-07,Civil Caretaking,72
A006,2021-07,Offense Against Person,28
A006,2021-07,Other,102
A006,2021-07,Pedestrian Stop,14
A006,2021-07,Property Offense,40
A006,2021-07,Public Order Offense,65
A006,2021-07,Vehicle Stop,77
A006,2021-07,Warrant,8
A006,2021-08,Civil Caretaking,80
A006,2021-08,Offense Against Person,27
A006,2021-08,Other,95
A006,2021-08,Pedestrian Stop,10
A006,2021-08,Property Offense,39
A006,2021-08,Public Order Offense,63
A006,2021-08,Vehicle Stop,93
A006,2021-08,Warrant,11
A006,2021-09,Civil Caretaking,62
A006,2021-09,Offense Against Person,35
A006,2021-09,Other,90
A006,2021-09,Pedestrian Stop,9
A006,2021-09,Property Offense,45
A006,2021-09,Public Order Offense,75
A006,2021-09,Vehicle Stop,80
A006,2021-09,Warrant,7
A006,2021-10,Civil Caretaking,95
A006,2021-10,Offense Against Person,24
A006,2021-10,Other,111
A006,2021-10,Pedestrian Stop,10
A006,2021-10,Property Offense,37
A006,2021-10,Public Order Offense,61
A006,2021-10,Vehicle Stop,91
A006,2021-10,Warrant,6
A006,2021-11,Civil Caretaking,71
A006,2021-11,Offense Against Person,23
A006,2021-11,Other,103
A006,2021-11,Pedestrian Stop,6
A006,2021-11,Property Offense,31
A006,2021-11,Public Order Offense,53
A006,2021-11,Vehicle Stop,77
A006,2021-11,Warrant,1
A006,2021-12,Civil Caretaking,86
A006,2021-12,Offense Against Person,17
A006,2021-12,Other,97
A006,2021-12,Pedestrian Stop,13
A006,2021-12,Property Offense,31
A006,2021-12,Public Order Offense,48
A006,2021-12,Vehicle Stop,73
A006,2021-12,Warrant,5
A006,2022-01,Civil Caretaking,81
A006,2022-01,Offense Against Person,12
A006,2022-01,Other,103
A006,2022-01,Pedestrian Stop,8
A006,2022-01,Property Offense,35
A006,2022-01,Public Order Offense,33
A006,2022-01,Vehicle Stop,78
A006,2022-01,Warrant,6
A006,2022-02,Civil Caretaking,76
A006,2022-02,Offense Against Person,13
A006,2022-02,Other,90
A006,2022-02,Pedestrian Stop,7
A006,2022-02,Property Offense,33
A006,2022-02,Public Order Offense,34
A006,2022-02,Vehicle Stop,65
A006,2022-02,Warrant,11
A006,2022-03,Civil Caretaking,79
A006,2022-03,Offense Against Person,25
A006,2022-03,Other,106
A006,2022-03,Pedestrian Stop,6
A006,2022-03,Property Offense,33
A006,2022-03,Public Order Offense,54
A006,2022-03,Vehicle Stop,60
A006,2022-03,Warrant,7
A006,2022-04,Civil Caretaking,95
A006,2022-04,Offense Against Person,24
A006,2022-04,Other,115
A006,2022-04,Pedestrian Stop,10
A006,2022-04,Property Offense,36
A006,2022-04,Public Order Offense,49
A006,2022-04,Vehicle Stop,71
A006,2022-04,Warrant,4
A006,2022-05,Civil Caretaking,97
A006,2022-05,Offense Against Person,25
A006,2022-05,Other,86
A006,2022-05,Pedestrian Stop,16
A006,2022-05,Property Offense,46
A006,2022-05,Public Order Offense,74
A006,2022-05,Vehicle Stop,77
A006,2022-05,Warrant,3
A006,2022-06,Civil Caretaking,80
A006,2022-06,Offense Against Person,30
A006,2022-06,Other,102
A006,2022-06,Pedestrian Stop,17
A006,2022-06,Property Offense,47
A006,2022-06,Public Order Offense,73
A006,2022-06,Vehicle Stop,73
A006,2022-06,Warrant,9
A006,2022-07,Civil Caretaking,85
A006,2022-07,Offense Against Person,26
A006,2022-07,Other,113
A006,2022-07,Pedestrian Stop,10
A006,2022-07,Property Offense,51
A006,2022-07,Public Order Offense,61
A006,2022-07,Vehicle Stop,87
A006,2022-07,Warrant,7
A006,2022-08,Civil Caretaking,64
A006,2022-08,Offense Against Person,22
A006,2022-08,Other,79
A006,2022-08,Pedestrian Stop,14
A006,2022-08,Property Offense,44
A006,2022-08,Public Order Offense,70
A006,2022-08,Vehicle Stop,79
A006,2022-08,Warrant,13
A006,2022-09,Civil Caretaking,83
A006,2022-09,Offense Against Person,30
A006,2022-09,Other,125
A006,2022-09,Pedestrian Stop,6
A006,2022-09,Property Offense,43
A006,2022-09,Public Order Offense,62
A006,2022-09,Vehicle Stop,83
A006,2022-09,Warrant,2
A006,2022-10,Civil Caretaking,75
A006,2022-10,Offense Against Person,28
A006,2022-10,Other,106
A006,2022-10,Pedestrian Stop,11
A006,2022-10,Property Offense,57
A006,2022-10,Public Order Offense,55
A006,2022-10,Vehicle Stop,75
A006,2022-10,Warrant,4
A006,2022-11,Civil Caretaking,90
A006,2022-11,Offense Against Person,15
A006,2022-11,Other,99
A006,2022-11,Pedestrian Stop,10
A006,2022-11,Property Offense,45
A006,2022-11,Public Order Offense,49
A006,2022-11,Vehicle Stop,74
A006,2022-11,Warrant,8
A006,2022-12,Civil Caretaking,69
A006,2022-12,Offense Against Person,15
A006,2022-12,Other,95
A006,2022-12,Pedestrian Stop,9
A006,2022-12,Property Offense,33
A006,2022-12,Public Order Offense,38
A006,2022-12,Vehicle Stop,71
A006,2022-12,Warrant,6
A006,2023-01,Civil Caretaking,86
A006,2023-01,Offense Against Person,19
A006,2023-01,Other,88
A006,2023-01,Pedestrian Stop,12
A006,2023-01,Property Offense,38
A006,2023-01,Public Order Offense,32
A006,2023-01,Vehicle Stop,84
A006,2023-01,Warrant,5
A006,2023-02,Civil Caretaking,85
A006,2023-02,Offense Against Person,16
A006,2023-02,Other,85
A006,2023-02,Pedestrian Stop,7
A006,2023-02,Property Offense,32
A006,2023-02,Public Order Offense,52
A006,2023-02,Vehicle Stop,57
A006,2023-02,Warrant,0
A006,2023-03,Civil Caretaking,70
A006,2023-03,Offense Against Person,16
A006,2023-03,Other,95
A006,2023-03,Pedestrian Stop,9
A006,2023-03,Property Offense,47
A006,2023-03,Public Order Offense,51
A006,2023-03,Vehicle Stop,70
A006,2023-03,Warrant,6
A006,2023-04,Civil Caretaking,76
A006,2023-04,Offense Against Person,16
A006,2023-04,Other,115
A006,2023-04,Pedestrian Stop,17
A006,2023-04,Property Offense,47
A006,2023-04,Public Order Offense,49
A006,2023-04,Vehicle Stop,60
A006,2023-04,Warrant,9
A006,2023-05,Civil Caretaking,70
A006,2023-05,Offense Against Person,22
A006,2023-05,Other,82
A006,2023-05,Pedestrian Stop,16
A006,2023-05,Property Offense,31
A006,2023-05,Public Order Offense,53
A006,2023-05,Vehicle Stop,94
A006,2023-05,Warrant,14
A006,2023-06,Civil Caretaking,75
A006,2023-06,Offense Against Person,39
A006,2023-06,Other,107
A006,2023-06,Pedestrian Stop,8
A006,2023-06,Property Offense,45
A006,2023-06,Public Order Offense,58
A006,2023-06,Vehicle Stop,71
A006,2023-06,Warrant,6
A006,2023-07,Civil Caretaking,76
A006,2023-07,Offense Against Person,26
A006,2023-07,Other,99
A006,2023-07,Pedestrian Stop,14
A006,2023-07,Property Offense,48
A006,2023-07,Public Order Offense,63
A006,2023-07,Vehicle Stop,73
A006,2023-07,Warrant,10
A006,2023-08,Civil Caretaking,71
A006,2023-08,Offense Against Person,37
A006,2023-08,Other,124
A006,2023-08,Pedestrian Stop,8
A006,2023-08,Property Offense,50
A006,2023-08,Public Order Offense,69
A006,2023-08,Vehicle Stop,108
A006,2023-08,Warrant,8
A006,2023-09,Civil Caretaking,77
A006,2023-09,Offense Against Person,28
A006,2023-09,Other,100
A006,2023-09,Pedestrian Stop,13
A006,2023-09,Property Offense,47
A006,2023-09,Public Order Offense,80
A006,2023-09,Vehicle Stop,91
A006,2023-09,Warrant,5
A006,2023-10,Civil Caretaking,63
A006,2023-10,Offense Against Person,22
A006,2023-10,Other,94
A006,2023-10,Pedestrian Stop,11
A006,2023-10,Property Offense,38
A006,2023-10,Public Order Offense,42
A006,2023-10,Vehicle Stop,67
A006,2023-10,Warrant,2
A006,2023-11,Civil Caretaking,85
A006,2023-11,Offense Against Person,16
A006,2023-11,Other,98
A006,2023-11,Pedestrian Stop,9
A006,2023-11,Property Offense,43
A006,2023-11,Public Order Offense,61
A006,2023-11,Vehicle Stop,77
A006,2023-11,Warrant,5
A006,2023-12,Civil Caretaking,89
A006,2023-12,Offense Against Person,20
A006,2023-12,Other,78
A006,2023-12,Pedestrian Stop,17
A006,2023-12,Property Offense,31
A006,2023-12,Public Order Offense,47
A006,2023-12,Vehicle Stop,87
A006,2023-12,Warrant,5
A006,2024-01,Civil Caretaking,90
A006,2024-01,Offense Against Person,17
A006,2024-01,Other,86
A006,2024-01,Pedestrian Stop,11
A006,2024-01,Property Offense,22
A006,2024-01,Public Order Offense,40
A006,2024-01,Vehicle Stop,69
A006,2024-01,Warrant,9
A006,2024-02,Civil Caretaking,77
A006,2024-02,Offense Against Person,19
A006,2024-02,Other,93
A006,2024-02,Pedestrian Stop,8
A006,2024-02,Property Offense,43
A006,2024-02,Public Order Offense,37
A006,2024-02,Vehicle Stop,71
A006,2024-02,Warrant,5
A006,2024-03,Civil Caretaking,72
A006,2024-03,Offense Against Person,10
A006,2024-03,Other,103
A006,2024-03,Pedestrian Stop,8
A006,2024-03,Property Offense,40
A006,2024-03,Public Order Offense,45
A006,2024-03,Vehicle Stop,65
A006,2024-03,Warrant,8
A006,2024-04,Civil Caretaking,77
A006,2024-04,Offense Against Person,29
A006,2024-04,Other,106
A006,2024-04,Pedestrian Stop,10
A006,2024-04,Property Offense,39
A006,2024-04,Public Order Offense,48
A006,2024-04,Vehicle Stop,79
A006,2024-04,Warrant,9
A006,2024-05,Civil Caretaking,80
A006,2024-05,Offense Against Person,31
A006,2024-05,Other,108
A006,2024-05,Pedestrian Stop,14
A006,2024-05,Property Offense,38
A006,2024-05,Public Order Offense,55
A006,2024-05,Vehicle Stop,73
A006,2024-05,Warrant,8
A006,2024-06,Civil Caretaking,90
A006,2024-06,Offense Against Person,23
A006,2024-06,Other,103
A006,2024-06,Pedestrian Stop,6
A006,2024-06,Property Offense,41
A006,2024-06,Public Order Offense,64
A006,2024-06,Vehicle Stop,86
A006,2024-06,Warrant,8
A006,2024-07,Civil Caretaking,59
A006,2024-07,Offense Against Person,22
A006,2024-07,Other,102
A006,2024-07,Pedestrian Stop,10
A006,2024-07,Property Offense,38
A006,2024-07,Public Order Offense,73
A006,2024-07,Vehicle Stop,81
A006,2024-07,Warrant,6
A006,2024-08,Civil Caretaking,82
A006,2024-08,Offense Against Person,25
A006,2024-08,Other,122
A006,2024-08,Pedestrian Stop,7
A006,2024-08,Property Offense,42
A006,2024-08,Public Order Offense,71
A006,2024-08,Vehicle Stop,104
A006,2024-08,Warrant,4
A006,2024-09,Civil Caretaking,77
A006,2024-09,Offense Against Person,28
A006,2024-09,Other,107
A006,2024-09,Pedestrian Stop,13
A006,2024-09,Property Offense,39
A006,2024-09,Public Order Offense,52
A006,2024-09,Vehicle Stop,94
A006,2024-09,Warrant,10
A006,2024-10,Civil Caretaking,79
A006,2024-10,Offense Against Person,25
A006,2024-10,Other,82
A006,2024-10,Pedestrian Stop,13
A006,2024-10,Property Offense,33
A006,2024-10,Public Order Offense,57
A006,2024-10,Vehicle Stop,68
A006,2024-10,Warrant,7
A006,2024-11,Civil Caretaking,87
A006,2024-11,Offense Against Person,25
A006,2024-11,Other,99
A006,2024-11,Pedestrian Stop,16
A006,2024-11,Property Offense,51
A006,2024-11,Public Order Offense,58
A006,2024-11,Vehicle Stop,71
A006,2024-11,Warrant,8
A006,2024-12,Civil Caretaking,93
A006,2024-12,Offense Against Person,19
A006,2024-12,Other,97
A006,2024-12,Pedestrian Stop,6
A006,2024-12,Property Offense,40
A006,2024-12,Public Order Offense,44
A006,2024-12,Vehicle Stop,76
A006,2024-12,Warrant,5
A006,2025-01,Civil Caretaking,95
A006,2025-01,Offense Against Person,23
A006,2025-01,Other,113
A006,2025-01,Pedestrian Stop,14
A006,2025-01,Property Offense,42
A006,2025-01,Public Order Offense,43
A006,2025-01,Vehicle Stop,77
A006,2025-01,Warrant,5
A006,2025-02,Civil Caretaking,92
A006,2025-02,Offense Against Person,28
A006,2025-02,Other,93
A006,2025-02,Pedestrian Stop,15
A006,2025-02,Property Offense,25
A006,2025-02,Public Order Offense,49
A006,2025-02,Vehicle Stop,69
A006,2025-02,Warrant,12
A006,2025-03,Civil Caretaking,82
A006,2025-03,Offense Against Person,29
A006,2025-03,Other,98
A006,2025-03,Pedestrian Stop,15
A006,2025-03,Property Offense,29
A006,2025-03,Public Order Offense,59
A006,2025-03,Vehicle Stop,69
A006,2025-03,Warrant,9
A006,2025-04,Civil Caretaking,78
A006,2025-04,Offense Against Person,26
A006,2025-04,Other,108
A006,2025-04,Pedestrian Stop,9
A006,2025-04,Property Offense,42
A006,2025-04,Public Order Offense,59
A006,2025-04,Vehicle Stop,85
A006,2025-04,Warrant,4
A006,2025-05,Civil Caretaking,73
A006,2025-05,Offense Against Person,28
A006,2025-05,Other,103
A006,2025-05,Pedestrian Stop,13
A006,2025-05,Property Offense,38
A006,2025-05,Public Order Offense,55
A006,2025-05,Vehicle Stop,87
A006,2025-05,Warrant,5
A006,2025-06,Civil Caretaking,65
A006,2025-06,Offense Against Person,31
A006,2025-06,Other,94
A006,2025-06,Pedestrian Stop,10
A006,2025-06,Property Offense,41
A006,2025-06,Public Order Offense,68
A006,2025-06,Vehicle Stop,75
A006,2025-06,Warrant,8
A006,2025-07,Civil Caretaking,72
A006,2025-07,Offense Against Person,36
A006,2025-07,Other,85
A006,2025-07,Pedestrian Stop,12
A006,2025-07,Property Offense,37
A006,2025-07,Public Order Offense,76
A006,2025-07,Vehicle Stop,87
A006,2025-07,Warrant,10
A006,2025-08,Civil Caretaking,103
A006,2025-08,Offense Against Person,21
A006,2025-08,Other,102
A006,2025-08,Pedestrian Stop,13
A006,2025-08,Property Offense,51
A006,2025-08,Public Order Offense,61
A006,2025-08,Vehicle Stop,95
A006,2025-08,Warrant,5
A006,2025-09,Civil Caretaking,70
A006,2025-09,Offense Against Person,27
A006,2025-09,Other,86
A006,2025-09,Pedestrian Stop,11
A006,2025-09,Property Offense,48
A006,2025-09,Public Order Offense,60
A006,2025-09,Vehicle Stop,71
A006,2025-09,Warrant,3
A006,2025-10,Civil Caretaking,95
A006,2025-10,Offense Against Person,28
A006,2025-10,Other,72
A006,2025-10,Pedestrian Stop,6
A006,2025-10,Property Offense,45
A006,2025-10,Public Order Offense,63
A006,2025-10,Vehicle Stop,94
A006,2025-10,Warrant,5
A006,2025-11,Civil Caretaking,79
A006,2025-11,Offense Against Person,24
A006,2025-11,Other,88
A006,2025-11,Pedestrian Stop,11
A006,2025-11,Property Offense,40
A006,2025-11,Public Order Offense,52
A006,2025-11,Vehicle Stop,79
A006,2025-11,Warrant,7
A006,2025-12,Civil Caretaking,82
A006,2025-12,Offense Against Person,18
A006,2025-12,Other,97
A006,2025-12,Pedestrian Stop,11
A006,2025-12,Property Offense,42
A006,2025-12,Public Order Offense,50
A006,2025-12,Vehicle Stop,63
A006,2025-12,Warrant,11
A006,2026-01,Civil Caretaking,85
A006,2026-01,Offense Against Person,22
A006,2026-01,Other,104
A006,2026-01,Pedestrian Stop,9
A006,2026-01,Property Offense,41
A006,2026-01,Public Order Offense,52
A006,2026-01,Vehicle Stop,68
A006,2026-01,Warrant,8
A006,2026-02,Civil Caretaking,96
A006,2026-02,Offense Against Person,27
A006,2026-02,Other,78
A006,2026-02,Pedestrian Stop,6
A006,2026-02,Property Offense,33
A006,2026-02,Public Order Offense,49
A006,2026-02,Vehicle Stop,73
A006,2026-02,Warrant,12
A006,2026-03,Civil Caretaking,92
A006,2026-03,Offense Against Person,22
A006,2026-03,Other,118
A006,2026-03,Pedestrian Stop,6
A006,2026-03,Property Offense,26
A006,2026-03,Public Order Offense,51
A006,2026-03,Vehicle Stop,86
A006,2026-03,Warrant,9
A006,2026-04,Civil Caretaking,113
A006,2026-04,Offense Against Person,31
A006,2026-04,Other,87
A006,2026-04,Pedestrian Stop,8
A006,2026-04,Property Offense,46
A006,2026-04,Public Order Offense,54
A006,2026-04,Vehicle Stop,77
A006,2026-04,Warrant,5
A006,2026-05,Civil Caretaking,51
A006,2026-05,Offense Against Person,22
A006,2026-05,Other,67
A006,2026-05,Pedestrian Stop,10
A006,2026-05,Property Offense,36
A006,2026-05,Public Order Offense,55
A006,2026-05,Vehicle Stop,57
A006,2026-05,Warrant,8
A006,2026-06,Civil Caretaking,36
A006,2026-06,Offense Against Person,19
A006,2026-06,Other,52
A006,2026-06,Pedestrian Stop,10
A006,2026-06,Property Offense,20
A006,2026-06,Public Order Offense,37
A006,2026-06,Vehicle Stop,49
A006,2026-06,Warrant,6
A007,2019-01,Civil Caretaking,2326
A007,2019-01,Offense Against Person,389
A007,2019-01,Other,2052
A007,2019-01,Pedestrian Stop,116
A007,2019-01,Property Offense,1117
A007,2019-01,Public Order Offense,799
A007,2019-01,Vehicle Stop,2339
A007,2019-01,Warrant,218
A007,2019-02,Civil Caretaking,2231
A007,2019-02,Offense Against Person,377
A007,2019-02,Other,2378
A007,2019-02,Pedestrian Stop,84
A007,2019-02,Property Offense,873
A007,2019-02,Public Order Offense,783
A007,2019-02,Vehicle Stop,2349
A007,2019-02,Warrant,211
A007,2019-03,Civil Caretaking,2001
A007,2019-03,Offense Against Person,360
A007,2019-03,Other,2444
A007,2019-03,Pedestrian Stop,108
A007,2019-03,Property Offense,907
A007,2019-03,Public Order Offense,826
A007,2019-03,Vehicle Stop,2289
A007,2019-03,Warrant,229
A007,2019-04,Civil Caretaking,1949
A007,2019-04,Offense Against Person,443
A007,2019-04,Other,2284
A007,2019-04,Pedestrian Stop,123
A007,2019-04,Property Offense,1072
A007,2019-04,Public Order Offense,1028
A007,2019-04,Vehicle Stop,2302
A007,2019-04,Warrant,261
A007,2019-05,Civil Caretaking,1885
A007,2019-05,Offense Against Person,550
A007,2019-05,Other,2638
A007,2019-05,Pedestrian Stop,114
A007,2019-05,Property Offense,1217
A007,2019-05,Public Order Offense,1130
A007,2019-05,Vehicle Stop,2634
A007,2019-05,Warrant,260
A007,2019-06,Civil Caretaking,1805
A007,2019-06,Offense Against Person,649
A007,2019-06,Other,2653
A007,2019-06,Pedestrian Stop,129
A007,2019-06,Property Offense,1199
A007,2019-06,Public Order Offense,1175
A007,2019-06,Vehicle Stop,2681
A007,2019-06,Warrant,213
A007,2019-07,Civil Caretaking,1736
A007,2019-07,Offense Against Person,551
A007,2019-07,Other,2608
A007,2019-07,Pedestrian Stop,147
A007,2019-07,Property Offense,1346
A007,2019-07,Public Order Offense,1226
A007,2019-07,Vehicle Stop,3183
A007,2019-07,Warrant,236
A007,2019-08,Civil Caretaking,2004
A007,2019-08,Offense Against Person,611
A007,2019-08,Other,2456
A007,2019-08,Pedestrian Stop,125
A007,2019-08,Property Offense,1369
A007,2019-08,Public Order Offense,1154
A007,2019-08,Vehicle Stop,2916
A007,2019-08,Warrant,265
A007,2019-09,Civil Caretaking,1865
A007,2019-09,Offense Against Person,578
A007,2019-09,Other,2357
A007,2019-09,Pedestrian Stop,121
A007,2019-09,Property Offense,1482
A007,2019-09,Public Order Offense,1149
A007,2019-09,Vehicle Stop,2709
A007,2019-09,Warrant,232
A007,2019-10,Civil Caretaking,2099
A007,2019-10,Offense Against Person,494
A007,2019-10,Other,2484
A007,2019-10,Pedestrian Stop,135
A007,2019-10,Property Offense,1234
A007,2019-10,Public Order Offense,969
A007,2019-10,Vehicle Stop,2830
A007,2019-10,Warrant,181
A007,2019-11,Civil Caretaking,1992
A007,2019-11,Offense Against Person,419
A007,2019-11,Other,2148
A007,2019-11,Pedestrian Stop,122
A007,2019-11,Property Offense,1246
A007,2019-11,Public Order Offense,908
A007,2019-11,Vehicle Stop,2684
A007,2019-11,Warrant,200
A007,2019-12,Civil Caretaking,1998
A007,2019-12,Offense Against Person,398
A007,2019-12,Other,2229
A007,2019-12,Pedestrian Stop,86
A007,2019-12,Property Offense,1214
A007,2019-12,Public Order Offense,690
A007,2019-12,Vehicle Stop,2706
A007,2019-12,Warrant,225
A007,2020-01,Civil Caretaking,2107
A007,2020-01,Offense Against Person,378
A007,2020-01,Other,2448
A007,2020-01,Pedestrian Stop,94
A007,2020-01,Property Offense,1179
A007,2020-01,Public Order Offense,858
A007,2020-01,Vehicle Stop,2371
A007,2020-01,Warrant,231
A007,2020-02,Civil Caretaking,2319
A007,2020-02,Offense Against Person,400
A007,2020-02,Other,2421
A007,2020-02,Pedestrian Stop,110
A007,2020-02,Property Offense,997
A007,2020-02,Public Order Offense,797
A007,2020-02,Vehicle Stop,2455
A007,2020-02,Warrant,245
A007,2020-03,Civil Caretaking,2060
A007,2020-03,Offense Against Person,401
A007,2020-03,Other,2396
A007,2020-03,Pedestrian Stop,127
A007,2020-03,Property Offense,1160
A007,2020-03,Public Order Offense,931
A007,2020-03,Vehicle Stop,2460
A007,2020-03,Warrant,252
A007,2020-04,Civil Caretaking,2083
A007,2020-04,Offense Against Person,518
A007,2020-04,Other,2738
A007,2020-04,Pedestrian Stop,137
A007,2020-04,Property Offense,1031
A007,2020-04,Public Order Offense,1245
A007,2020-04,Vehicle Stop,2518
A007,2020-04,Warrant,243
A007,2020-05,Civil Caretaking,1969
A007,2020-05,Offense Against Person,575
A007,2020-05,Other,2557
A007,2020-05,Pedestrian Stop,118
A007,2020-05,Property Offense,1139
A007,2020-05,Public Order Offense,1172
A007,2020-05,Vehicle Stop,2833
A007,2020-05,Warrant,236
A007,2020-06,Civil Caretaking,1754
A007,2020-06,Offense Against Person,557
A007,2020-06,Other,2738
A007,2020-06,Pedestrian Stop,127
A007,2020-06,Property Offense,1336
A007,2020-06,Public Order Offense,1316
A007,2020-06,Vehicle Stop,2795
A007,2020-06,Warrant,254
A007,2020-07,Civil Caretaking,1843
A007,2020-07,Offense Against Person,565
A007,2020-07,Other,2715
A007,2020-07,Pedestrian Stop,149
A007,2020-07,Property Offense,1680
A007,2020-07,Public Order Offense,1241
A007,2020-07,Vehicle Stop,2688
A007,2020-07,Warrant,257
A007,2020-08,Civil Caretaking,1780
A007,2020-08,Offense Against Person,688
A007,2020-08,Other,2413
A007,2020-08,Pedestrian Stop,146
A007,2020-08,Property Offense,1276
A007,2020-08,Public Order Offense,1316
A007,2020-08,Vehicle Stop,2751
A007,2020-08,Warrant,262
A007,2020-09,Civil Caretaking,1781
A007,2020-09,Offense Against Person,520
A007,2020-09,Other,2500
A007,2020-09,Pedestrian Stop,119
A007,2020-09,Property Offense,1468
A007,2020-09,Public Order Offense,1140
A007,2020-09,Vehicle Stop,2987
A007,2020-09,Warrant,226
A007,2020-10,Civil Caretaking,2092
A007,2020-10,Offense Against Person,473
A007,2020-10,Other,2727
A007,2020-10,Pedestrian Stop,115
A007,2020-10,Property Offense,1473
A007,2020-10,Public Order Offense,1005
A007,2020-10,Vehicle Stop,2539
A007,2020-10,Warrant,244
A007,2020-11,Civil Caretaking,2277
A007,2020-11,Offense Against Person,506
A007,2020-11,Other,2434
A007,2020-11,Pedestrian Stop,105
A007,2020-11,Property Offense,1303
A007,2020-11,Public Order Offense,928
A007,2020-11,Vehicle Stop,2815
A007,2020-11,Warrant,205
A007,2020-12,Civil Caretaking,2351
A007,2020-12,Offense Against Person,402
A007,2020-12,Other,2341
A007,2020-12,Pedestrian Stop,116
A007,2020-12,Property Offense,1092
A007,2020-12,Public Order Offense,988
A007,2020-12,Vehicle Stop,2665
A007,2020-12,Warrant,209
A007,2021-01,Civil Caretaking,2135
A007,2021-01,Offense Against Person,410
A007,2021-01,Other,2252
A007,2021-01,Pedestrian Stop,115
A007,2021-01,Property Offense,1133
A007,2021-01,Public Order Offense,808
A007,2021-01,Vehicle Stop,2768
A007,2021-01,Warrant,257
A007,2021-02,Civil Caretaking,2532
A007,2021-02,Offense Against Person,427
A007,2021-02,Other,2290
A007,2021-02,Pedestrian Stop,80
A007,2021-02,Property Offense,1003
A007,2021-02,Public Order Offense,944
A007,2021-02,Vehicle Stop,2763
A007,2021-02,Warrant,257
A007,2021-03,Civil Caretaking,2296
A007,2021-03,Offense Against Person,397
A007,2021-03,Other,2572
A007,2021-03,Pedestrian Stop,133
A007,2021-03,Property Offense,1091
A007,2021-03,Public Order Offense,922
A007,2021-03,Vehicle Stop,2352
A007,2021-03,Warrant,260
A007,2021-04,Civil Caretaking,1967
A007,2021-04,Offense Against Person,448
A007,2021-04,Other,2668
A007,2021-04,Pedestrian Stop,137
A007,2021-04,Property Offense,1016
A007,2021-04,Public Order Offense,1136
A007,2021-04,Vehicle Stop,2504
A007,2021-04,Warrant,238
A007,2021-05,Civil Caretaking,2014
A007,2021-05,Offense Against Person,555
A007,2021-05,Other,2812
A007,2021-05,Pedestrian Stop,148
A007,2021-05,Property Offense,1315
A007,2021-05,Public Order Offense,1249
A007,2021-05,Vehicle Stop,2931
A007,2021-05,Warrant,246
A007,2021-06,Civil Caretaking,1973
A007,2021-06,Offense Against Person,574
A007,2021-06,Other,2819
A007,2021-06,Pedestrian Stop,144
A007,2021-06,Property Offense,1284
A007,2021-06,Public Order Offense,1331
A007,2021-06,Vehicle Stop,2884
A007,2021-06,Warrant,259
A007,2021-07,Civil Caretaking,1933
A007,2021-07,Offense Against Person,571
A007,2021-07,Other,2929
A007,2021-07,Pedestrian Stop,159
A007,2021-07,Property Offense,1405
A007,2021-07,Public Order Offense,1338
A007,2021-07,Vehicle Stop,3209
A007,2021-07,Warrant,253
A007,2021-08,Civil Caretaking,1657
A007,2021-08,Offense Against Person,635
A007,2021-08,Other,2630
A007,2021-08,Pedestrian Stop,167
A007,2021-08,Property Offense,1476
A007,2021-08,Public Order Offense,1259
A007,2021-08,Vehicle Stop,3379
A007,2021-08,Warrant,246
A007,2021-09,Civil Caretaking,1763
A007,2021-09,Offense Against Person,409
A007,2021-09,Other,2813
A007,2021-09,Pedestrian Stop,111
A007,2021-09,Property Offense,1512
A007,2021-09,Public Order Offense,1121
A007,2021-09,Vehicle Stop,3042
A007,2021-09,Warrant,273
A007,2021-10,Civil Caretaking,1991
A007,2021-10,Offense Against Person,477
A007,2021-10,Other,2100
A007,2021-10,Pedestrian Stop,140
A007,2021-10,Property Offense,1321
A007,2021-10,Public Order Offense,1024
A007,2021-10,Vehicle Stop,2925
A007,2021-10,Warrant,218
A007,2021-11,Civil Caretaking,2181
A007,2021-11,Offense Against Person,445
A007,2021-11,Other,2357
A007,2021-11,Pedestrian Stop,146
A007,2021-11,Property Offense,1190
A007,2021-11,Public Order Offense,962
A007,2021-11,Vehicle Stop,2421
A007,2021-11,Warrant,225
A007,2021-12,Civil Caretaking,2458
A007,2021-12,Offense Against Person,455
A007,2021-12,Other,2402
A007,2021-12,Pedestrian Stop,113
A007,2021-12,Property Offense,1264
A007,2021-12,Public Order Offense,983
A007,2021-12,Vehicle Stop,2586
A007,2021-12,Warrant,224
A007,2022-01,Civil Caretaking,2281
A007,2022-01,Offense Against Person,379
A007,2022-01,Other,2333
A007,2022-01,Pedestrian Stop,98
A007,2022-01,Property Offense,1057
A007,2022-01,Public Order Offense,871
A007,2022-01,Vehicle Stop,2534
A007,2022-01,Warrant,253
A007,2022-02,Civil Caretaking,2449
A007,2022-02,Offense Against Person,401
A007,2022-02,Other,2332
A007,2022-02,Pedestrian Stop,122
A007,2022-02,Property Offense,1133
A007,2022-02,Public Order Offense,806
A007,2022-02,Vehicle Stop,2318
A007,2022-02,Warrant,225
A007,2022-03,Civil Caretaking,2326
A007,2022-03,Offense Against Person,431
A007,2022-03,Other,2555
A007,2022-03,Pedestrian Stop,120
A007,2022-03,Property Offense,1199
A007,2022-03,Public Order Offense,1057
A007,2022-03,Vehicle Stop,2388
A007,2022-03,Warrant,214
A007,2022-04,Civil Caretaking,2024
A007,2022-04,Offense Against Person,511
A007,2022-04,Other,2543
A007,2022-04,Pedestrian Stop,124
A007,2022-04,Property Offense,1200
A007,2022-04,Public Order Offense,1016
A007,2022-04,Vehicle Stop,2863
A007,2022-04,Warrant,265
A007,2022-05,Civil Caretaking,1936
A007,2022-05,Offense Against Person,617
A007,2022-05,Other,2713
A007,2022-05,Pedestrian Stop,139
A007,2022-05,Property Offense,1225
A007,2022-05,Public Order Offense,1127
A007,2022-05,Vehicle Stop,2888
A007,2022-05,Warrant,248
A007,2022-06,Civil Caretaking,1933
A007,2022-06,Offense Against Person,620
A007,2022-06,Other,2772
A007,2022-06,Pedestrian Stop,119
A007,2022-06,Property Offense,1386
A007,2022-06,Public Order Offense,1213
A007,2022-06,Vehicle Stop,3180
A007,2022-06,Warrant,297
A007,2022-07,Civil Caretaking,1797
A007,2022-07,Offense Against Person,694
A007,2022-07,Other,2593
A007,2022-07,Pedestrian Stop,151
A007,2022-07,Property Offense,1423
A007,2022-07,Public Order Offense,1277
A007,2022-07,Vehicle Stop,2991
A007,2022-07,Warrant,233
A007,2022-08,Civil Caretaking,1981
A007,2022-08,Offense Against Person,748
A007,2022-08,Other,2877
A007,2022-08,Pedestrian Stop,152
A007,2022-08,Property Offense,1428
A007,2022-08,Public Order Offense,1365
A007,2022-08,Vehicle Stop,3104
A007,2022-08,Warrant,226
A007,2022-09,Civil Caretaking,1925
A007,2022-09,Offense Against Person,558
A007,2022-09,Other,2597
A007,2022-09,Pedestrian Stop,150
A007,2022-09,Property Offense,1591
A007,2022-09,Public Order Offense,1150
A007,2022-09,Vehicle Stop,2785
A007,2022-09,Warrant,260
A007,2022-10,Civil Caretaking,2146
A007,2022-10,Offense Against Person,553
A007,2022-10,Other,2524
A007,2022-10,Pedestrian Stop,132
A007,2022-10,Property Offense,1383
A007,2022-10,Public Order Offense,1153
A007,2022-10,Vehicle Stop,3111
A007,2022-10,Warrant,234
A007,2022-11,Civil Caretaking,2256
A007,2022-11,Offense Against Person,450
A007,2022-11,Other,2346
A007,2022-11,Pedestrian Stop,125
A007,2022-11,Property Offense,1378
A007,2022-11,Public Order Offense,885
A007,2022-11,Vehicle Stop,2790
A007,2022-11,Warrant,238
A007,2022-12,Civil Caretaking,2189
A007,2022-12,Offense Against Person,395
A007,2022-12,Other,2325
A007,2022-12,Pedestrian Stop,125
A007,2022-12,Property Offense,1242
A007,2022-12,Public Order Offense,845
A007,2022-12,Vehicle Stop,2564
A007,2022-12,Warrant,258
A007,2023-01,Civil Caretaking,2274
A007,2023-01,Offense Against Person,429
A007,2023-01,Other,2349
A007,2023-01,Pedestrian Stop,96
A007,2023-01,Property Offense,1098
A007,2023-01,Public Order Offense,831
A007,2023-01,Vehicle Stop,2710
A007,2023-01,Warrant,262
A007,2023-02,Civil Caretaking,2299
A007,2023-02,Offense Against Person,362
A007,2023-02,Other,2149
A007,2023-02,Pedestrian Stop,113
A007,2023-02,Property Offense,1225
A007,2023-02,Public Order Offense,908
A007,2023-02,Vehicle Stop,2628
A007,2023-02,Warrant,244
A007,2023-03,Civil Caretaking,2372
A007,2023-03,Offense Against Person,442
A007,2023-03,Other,2459
A007,2023-03,Pedestrian Stop,114
A007,2023-03,Property Offense,1139
A007,2023-03,Public Order Offense,1068
A007,2023-03,Vehicle Stop,2519
A007,2023-03,Warrant,260
A007,2023-04,Civil Caretaking,1946
A007,2023-04,Offense Against Person,505
A007,2023-04,Other,2398
A007,2023-04,Pedestrian Stop,142
A007,2023-04,Property Offense,1310
A007,2023-04,Public Order Offense,1170
A007,2023-04,Vehicle Stop,2883
A007,2023-04,Warrant,274
A007,2023-05,Civil Caretaking,2261
A007,2023-05,Offense Against Person,533
A007,2023-05,Other,2553
A007,2023-05,Pedestrian Stop,121
A007,2023-05,Property Offense,1337
A007,2023-05,Public Order Offense,1257
A007,2023-05,Vehicle Stop,2951
A007,2023-05,Warrant,234
A007,2023-06,Civil Caretaking,2072
A007,2023-06,Offense Against Person,515
A007,2023-06,Other,2472
A007,2023-06,Pedestrian Stop,158
A007,2023-06,Property Offense,1374
A007,2023-06,Public Order Offense,1174
A007,2023-06,Vehicle Stop,2867
A007,2023-06,Warrant,260
A007,2023-07,Civil Caretaking,1863
A007,2023-07,Offense Against Person,625
A007,2023-07,Other,2821
A007,2023-07,Pedestrian Stop,121
A007,2023-07,Property Offense,1371
A007,2023-07,Public Order Offense,1364
A007,2023-07,Vehicle Stop,3210
A007,2023-07,Warrant,246
A007,2023-08,Civil Caretaking,1914
A007,2023-08,Offense Against Person,582
A007,2023-08,Other,2784
A007,2023-08,Pedestrian Stop,158
A007,2023-08,Property Offense,1296
A007,2023-08,Public Order Offense,1223
A007,2023-08,Vehicle Stop,3373
A007,2023-08,Warrant,245
A007,2023-09,Civil Caretaking,1881
A007,2023-09,Offense Against Person,454
A007,2023-09,Other,2146
A007,2023-09,Pedestrian Stop,143
A007,2023-09,Property Offense,1282
A007,2023-09,Public Order Offense,1070
A007,2023-09,Vehicle Stop,2964
A007,2023-09,Warrant,214
A007,2023-10,Civil Caretaking,2320
A007,2023-10,Offense Against Person,550
A007,2023-10,Other,2570
A007,2023-10,Pedestrian Stop,124
A007,2023-10,Property Offense,1502
A007,2023-10,Public Order Offense,1195
A007,2023-10,Vehicle Stop,3063
A007,2023-10,Warrant,236
A007,2023-11,Civil Caretaking,2063
A007,2023-11,Offense Against Person,469
A007,2023-11,Other,2527
A007,2023-11,Pedestrian Stop,113
A007,2023-11,Property Offense,1313
A007,2023-11,Public Order Offense,1038
A007,2023-11,Vehicle Stop,2928
A007,2023-11,Warrant,218
A007,2023-12,Civil Caretaking,2303
A007,2023-12,Offense Against Person,433
A007,2023-12,Other,2302
A007,2023-12,Pedestrian Stop,115
A007,2023-12,Property Offense,1255
A007,2023-12,Public Order Offense,930
A007,2023-12,Vehicle Stop,2888
A007,2023-12,Warrant,216
A007,2024-01,Civil Caretaking,2165
A007,2024-01,Offense Against Person,390
A007,2024-01,Other,2124
A007,2024-01,Pedestrian Stop,112
A007,2024-01,Property Offense,1153
A007,2024-01,Public Order Offense,910
A007,2024-01,Vehicle Stop,2490
A007,2024-01,Warrant,213
A007,2024-02,Civil Caretaking,2355
A007,2024-02,Offense Against Person,482
A007,2024-02,Other,2149
A007,2024-02,Pedestrian Stop,110
A007,2024-02,Property Offense,962
A007,2024-02,Public Order Offense,951
A007,2024-02,Vehicle Stop,2481
A007,2024-02,Warrant,258
A007,2024-03,Civil Caretaking,2105
A007,2024-03,Offense Against Person,465
A007,2024-03,Other,2596
A007,2024-03,Pedestrian Stop,124
A007,2024-03,Property Offense,1100
A007,2024-03,Public Order Offense,900
A007,2024-03,Vehicle Stop,2704
A007,2024-03,Warrant,251
A007,2024-04,Civil Caretaking,2095
A007,2024-04,Offense Against Person,548
A007,2024-04,Other,2503
A007,2024-04,Pedestrian Stop,129
A007,2024-04,Property Offense,1186
A007,2024-04,Public Order Offense,983
A007,2024-04,Vehicle Stop,2684
A007,2024-04,Warrant,262
A007,2024-05,Civil Caretaking,2135
A007,2024-05,Offense Against Person,607
A007,2024-05,Other,2728
A007,2024-05,Pedestrian Stop,136
A007,2024-05,Property Offense,1284
A007,2024-05,Public Order Offense,1300
A007,2024-05,Vehicle Stop,2626
A007,2024-05,Warrant,265
A007,2024-06,Civil Caretaking,2103
A007,2024-06,Offense Against Person,641
A007,2024-06,Other,2656
A007,2024-06,Pedestrian Stop,159
A007,2024-06,Property Offense,1353
A007,2024-06,Public Order Offense,1342
A007,2024-06,Vehicle Stop,3109
A007,2024-06,Warrant,238
A007,2024-07,Civil Caretaking,1791
A007,2024-07,Offense Against Person,622
A007,2024-07,Other,2837
A007,2024-07,Pedestrian Stop,152
A007,2024-07,Property Offense,1395
A007,2024-07,Public Order Offense,1369
A007,2024-07,Vehicle Stop,3087
A007,2024-07,Warrant,262
A007,2024-08,Civil Caretaking,2058
A007,2024-08,Offense Against Person,572
A007,2024-08,Other,2651
A007,2024-08,Pedestrian Stop,129
A007,2024-08,Property Offense,1388
A007,2024-08,Public Order Offense,1325
A007,2024-08,Vehicle Stop,3005
A007,2024-08,Warrant,276
A007,2024-09,Civil Caretaking,2037
A007,2024-09,Offense Against Person,664
A007,2024-09,Other,2891
A007,2024-09,Pedestrian Stop,133
A007,2024-09,Property Offense,1393
A007,2024-09,Public Order Offense,1249
A007,2024-09,Vehicle Stop,3058
A007,2024-09,Warrant,232
A007,2024-10,Civil Caretaking,2142
A007,2024-10,Offense Against Person,522
A007,2024-10,Other,2466
A007,2024-10,Pedestrian Stop,126
A007,2024-10,Property Offense,1411
A007,2024-10,Public Order Offense,1075
A007,2024-10,Vehicle Stop,3214
A007,2024-10,Warrant,250
A007,2024-11,Civil Caretaking,2175
A007,2024-11,Offense Against Person,477
A007,2024-11,Other,2394
A007,2024-11,Pedestrian Stop,118
A007,2024-11,Property Offense,1237
A007,2024-11,Public Order Offense,1007
A007,2024-11,Vehicle Stop,3360
A007,2024-11,Warrant,240
A007,2024-12,Civil Caretaking,2431
A007,2024-12,Offense Against Person,366
A007,2024-12,Other,2406
A007,2024-12,Pedestrian Stop,125
A007,2024-12,Property Offense,1412
A007,2024-12,Public Order Offense,1036
A007,2024-12,Vehicle Stop,2746
A007,2024-12,Warrant,227
A007,2025-01,Civil Caretaking,2350
A007,2025-01,Offense Against Person,430
A007,2025-01,Other,2779
A007,2025-01,Pedestrian Stop,127
A007,2025-01,Property Offense,1115
A007,2025-01,Public Order Offense,957
A007,2025-01,Vehicle Stop,2864
A007,2025-01,Warrant,270
A007,2025-02,Civil Caretaking,2419
A007,2025-02,Offense Against Person,405
A007,2025-02,Other,2548
A007,2025-02,Pedestrian Stop,93
A007,2025-02,Property Offense,1080
A007,2025-02,Public Order Offense,947
A007,2025-02,Vehicle Stop,2576
A007,2025-02,Warrant,265
A007,2025-03,Civil Caretaking,2157
A007,2025-03,Offense Against Person,507
A007,2025-03,Other,2653
A007,2025-03,Pedestrian Stop,117
A007,2025-03,Property Offense,998
A007,2025-03,Public Order Offense,982
A007,2025-03,Vehicle Stop,2417
A007,2025-03,Warrant,311
A007,2025-04,Civil Caretaking,2520
A007,2025-04,Offense Against Person,550
A007,2025-04,Other,2832
A007,2025-04,Pedestrian Stop,123
A007,2025-04,Property Offense,1246
A007,2025-04,Public Order Offense,1098
A007,2025-04,Vehicle Stop,2620
A007,2025-04,Warrant,287
A007,2025-05,Civil Caretaking,2052
A007,2025-05,Offense Against Person,577
A007,2025-05,Other,2802
A007,2025-05,Pedestrian Stop,142
A007,2025-05,Property Offense,1234
A007,2025-05,Public Order Offense,1231
A007,2025-05,Vehicle Stop,2875
A007,2025-05,Warrant,287
A007,2025-06,Civil Caretaking,1945
A007,2025-06,Offense Against Person,570
A007,2025-06,Other,3155
A007,2025-06,Pedestrian Stop,175
A007,2025-06,Property Offense,1332
A007,2025-06,Public Order Offense,1360
A007,2025-06,Vehicle Stop,2701
A007,2025-06,Warrant,284
A007,2025-07,Civil Caretaking,2200
A007,2025-07,Offense Against Person,592
A007,2025-07,Other,2961
A007,2025-07,Pedestrian Stop,142
A007,2025-07,Property Offense,1444
A007,2025-07,Public Order Offense,1310
A007,2025-07,Vehicle Stop,3019
A007,2025-07,Warrant,310
A007,2025-08,Civil Caretaking,2130
A007,2025-08,Offense Against Person,661
A007,2025-08,Other,2839
A007,2025-08,Pedestrian Stop,132
A007,2025-08,Property Offense,1527
A007,2025-08,Public Order Offense,1297
A007,2025-08,Vehicle Stop,2899
A007,2025-08,Warrant,266
A007,2025-09,Civil Caretaking,2060
A007,2025-09,Offense Against Person,543
A007,2025-09,Other,3071
A007,2025-09,Pedestrian Stop,172
A007,2025-09,Property Offense,1328
A007,2025-09,Public Order Offense,1058
A007,2025-09,Vehicle Stop,3086
A007,2025-09,Warrant,263
A007,2025-10,Civil Caretaking,2466
A007,2025-10,Offense Against Person,558
A007,2025-10,Other,2640
A007,2025-10,Pedestrian Stop,145
A007,2025-10,Property Offense,1349
A007,2025-10,Public Order Offense,989
A007,2025-10,Vehicle Stop,2744
A007,2025-10,Warrant,252
A007,2025-11,Civil Caretaking,2174
A007,2025-11,Offense Against Person,431
A007,2025-11,Other,2656
A007,2025-11,Pedestrian Stop,123
A007,2025-11,Property Offense,1442
A007,2025-11,Public Order Offense,979
A007,2025-11,Vehicle Stop,2943
A007,2025-11,Warrant,260
A007,2025-12,Civil Caretaking,2269
A007,2025-12,Offense Against Person,399
A007,2025-12,Other,2343
A007,2025-12,Pedestrian Stop,115
A007,2025-12,Property Offense,1230
A007,2025-12,Public Order Offense,996
A007,2025-12,Vehicle Stop,2832
A007,2025-12,Warrant,239
A007,2026-01,Civil Caretaking,2426
A007,2026-01,Offense Against Person,451
A007,2026-01,Other,2281
A007,2026-01,Pedestrian Stop,86
A007,2026-01,Property Offense,1197
A007,2026-01,Public Order Offense,896
A007,2026-01,Vehicle Stop,2503
A007,2026-01,Warrant,241
A007,2026-02,Civil Caretaking,2558
A007,2026-02,Offense Against Person,422
A007,2026-02,Other,2389
A007,2026-02,Pedestrian Stop,122
A007,2026-02,Property Offense,1136
A007,2026-02,Public Order Offense,1064
A007,2026-02,Vehicle Stop,2527
A007,2026-02,Warrant,213
A007,2026-03,Civil Caretaking,2220
A007,2026-03,Offense Against Person,523
A007,2026-03,Other,2489
A007,2026-03,Pedestrian Stop,111
A007,2026-03,Property Offense,1173
A007,2026-03,Public Order Offense,1133
A007,2026-03,Vehicle Stop,2726
A007,2026-03,Warrant,279
A007,2026-04,Civil Caretaking,2556
A007,2026-04,Offense Against Person,557
A007,2026-04,Other,2640
A007,2026-04,Pedestrian Stop,122
A007,2026-04,Property Offense,1259
A007,2026-04,Public Order Offense,1076
A007,2026-04,Vehicle Stop,2653
A007,2026-04,Warrant,263
A007,2026-05,Civil Caretaking,1420
A007,2026-05,Offense Against Person,465
A007,2026-05,Other,2161
A007,2026-05,Pedestrian Stop,99
A007,2026-05,Property Offense,957
A007,2026-05,Public Order Offense,968
A007,2026-05,Vehicle Stop,2162
A007,2026-05,Warrant,204
A007,2026-06,Civil Caretaking,1012
A007,2026-06,Offense Against Person,273
A007,2026-06,Other,1321
A007,2026-06,Pedestrian Stop,74
A007,2026-06,Property Offense,708
A007,2026-06,Public Order Offense,597
A007,2026-06,Vehicle Stop,1334
A007,2026-06,Warrant,124
A008,2019-01,Civil Caretaking,1119
A008,2019-01,Offense Against Person,200
A008,2019-01,Other,1277
A008,2019-01,Pedestrian Stop,53
A008,2019-01,Property Offense,530
A008,2019-01,Public Order Offense,425
A008,2019-01,Vehicle Stop,1355
A008,2019-01,Warrant,136
A008,2019-02,Civil Caretaking,1263
A008,2019-02,Offense Against Person,208
A008,2019-02,Other,1246
A008,2019-02,Pedestrian Stop,61
A008,2019-02,Property Offense,526
A008,2019-02,Public Order Offense,432
A008,2019-02,Vehicle Stop,1241
A008,2019-02,Warrant,133
A008,2019-03,Civil Caretaking,1131
A008,2019-03,Offense Against Person,220
A008,2019-03,Other,1204
A008,2019-03,Pedestrian Stop,52
A008,2019-03,Property Offense,564
A008,2019-03,Public Order Offense,480
A008,2019-03,Vehicle Stop,1262
A008,2019-03,Warrant,112
A008,2019-04,Civil Caretaking,1049
A008,2019-04,Offense Against Person,240
A008,2019-04,Other,1288
A008,2019-04,Pedestrian Stop,75
A008,2019-04,Property Offense,548
A008,2019-04,Public Order Offense,540
A008,2019-04,Vehicle Stop,1256
A008,2019-04,Warrant,150
A008,2019-05,Civil Caretaking,1051
A008,2019-05,Offense Against Person,290
A008,2019-05,Other,1546
A008,2019-05,Pedestrian Stop,65
A008,2019-05,Property Offense,640
A008,2019-05,Public Order Offense,601
A008,2019-05,Vehicle Stop,1446
A008,2019-05,Warrant,104
A008,2019-06,Civil Caretaking,1070
A008,2019-06,Offense Against Person,273
A008,2019-06,Other,1410
A008,2019-06,Pedestrian Stop,73
A008,2019-06,Property Offense,670
A008,2019-06,Public Order Offense,613
A008,2019-06,Vehicle Stop,1418
A008,2019-06,Warrant,141
A008,2019-07,Civil Caretaking,926
A008,2019-07,Offense Against Person,342
A008,2019-07,Other,1279
A008,2019-07,Pedestrian Stop,51
A008,2019-07,Property Offense,681
A008,2019-07,Public Order Offense,718
A008,2019-07,Vehicle Stop,1485
A008,2019-07,Warrant,119
A008,2019-08,Civil Caretaking,987
A008,2019-08,Offense Against Person,316
A008,2019-08,Other,1451
A008,2019-08,Pedestrian Stop,64
A008,2019-08,Property Offense,673
A008,2019-08,Public Order Offense,701
A008,2019-08,Vehicle Stop,1559
A008,2019-08,Warrant,140
A008,2019-09,Civil Caretaking,1132
A008,2019-09,Offense Against Person,267
A008,2019-09,Other,1606
A008,2019-09,Pedestrian Stop,68
A008,2019-09,Property Offense,735
A008,2019-09,Public Order Offense,600
A008,2019-09,Vehicle Stop,1658
A008,2019-09,Warrant,129
A008,2019-10,Civil Caretaking,1001
A008,2019-10,Offense Against Person,268
A008,2019-10,Other,1215
A008,2019-10,Pedestrian Stop,66
A008,2019-10,Property Offense,684
A008,2019-10,Public Order Offense,646
A008,2019-10,Vehicle Stop,1480
A008,2019-10,Warrant,111
A008,2019-11,Civil Caretaking,1119
A008,2019-11,Offense Against Person,218
A008,2019-11,Other,1161
A008,2019-11,Pedestrian Stop,51
A008,2019-11,Property Offense,658
A008,2019-11,Public Order Offense,476
A008,2019-11,Vehicle Stop,1454
A008,2019-11,Warrant,118
A008,2019-12,Civil Caretaking,1130
A008,2019-12,Offense Against Person,226
A008,2019-12,Other,1326
A008,2019-12,Pedestrian Stop,59
A008,2019-12,Property Offense,562
A008,2019-12,Public Order Offense,440
A008,2019-12,Vehicle Stop,1394
A008,2019-12,Warrant,112
A008,2020-01,Civil Caretaking,1223
A008,2020-01,Offense Against Person,195
A008,2020-01,Other,1158
A008,2020-01,Pedestrian Stop,55
A008,2020-01,Property Offense,529
A008,2020-01,Public Order Offense,480
A008,2020-01,Vehicle Stop,1302
A008,2020-01,Warrant,112
A008,2020-02,Civil Caretaking,1186
A008,2020-02,Offense Against Person,213
A008,2020-02,Other,1259
A008,2020-02,Pedestrian Stop,60
A008,2020-02,Property Offense,562
A008,2020-02,Public Order Offense,454
A008,2020-02,Vehicle Stop,1396
A008,2020-02,Warrant,142
A008,2020-03,Civil Caretaking,989
A008,2020-03,Offense Against Person,228
A008,2020-03,Other,1278
A008,2020-03,Pedestrian Stop,59
A008,2020-03,Property Offense,561
A008,2020-03,Public Order Offense,454
A008,2020-03,Vehicle Stop,1290
A008,2020-03,Warrant,102
A008,2020-04,Civil Caretaking,1088
A008,2020-04,Offense Against Person,233
A008,2020-04,Other,1251
A008,2020-04,Pedestrian Stop,60
A008,2020-04,Property Offense,559
A008,2020-04,Public Order Offense,559
A008,2020-04,Vehicle Stop,1434
A008,2020-04,Warrant,137
A008,2020-05,Civil Caretaking,1040
A008,2020-05,Offense Against Person,318
A008,2020-05,Other,1571
A008,2020-05,Pedestrian Stop,49
A008,2020-05,Property Offense,644
A008,2020-05,Public Order Offense,576
A008,2020-05,Vehicle Stop,1453
A008,2020-05,Warrant,121
A008,2020-06,Civil Caretaking,909
A008,2020-06,Offense Against Person,365
A008,2020-06,Other,1535
A008,2020-06,Pedestrian Stop,77
A008,2020-06,Property Offense,680
A008,2020-06,Public Order Offense,616
A008,2020-06,Vehicle Stop,1451
A008,2020-06,Warrant,142
A008,2020-07,Civil Caretaking,1045
A008,2020-07,Offense Against Person,314
A008,2020-07,Other,1621
A008,2020-07,Pedestrian Stop,71
A008,2020-07,Property Offense,658
A008,2020-07,Public Order Offense,717
A008,2020-07,Vehicle Stop,1441
A008,2020-07,Warrant,122
A008,2020-08,Civil Caretaking,1035
A008,2020-08,Offense Against Person,284
A008,2020-08,Other,1375
A008,2020-08,Pedestrian Stop,78
A008,2020-08,Property Offense,687
A008,2020-08,Public Order Offense,605
A008,2020-08,Vehicle Stop,1487
A008,2020-08,Warrant,114
A008,2020-09,Civil Caretaking,1003
A008,2020-09,Offense Against Person,325
A008,2020-09,Other,1516
A008,2020-09,Pedestrian Stop,88
A008,2020-09,Property Offense,787
A008,2020-09,Public Order Offense,595
A008,2020-09,Vehicle Stop,1695
A008,2020-09,Warrant,113
A008,2020-10,Civil Caretaking,1018
A008,2020-10,Offense Against Person,237
A008,2020-10,Other,1300
A008,2020-10,Pedestrian Stop,73
A008,2020-10,Property Offense,716
A008,2020-10,Public Order Offense,542
A008,2020-10,Vehicle Stop,1387
A008,2020-10,Warrant,99
A008,2020-11,Civil Caretaking,1269
A008,2020-11,Offense Against Person,219
A008,2020-11,Other,1336
A008,2020-11,Pedestrian Stop,62
A008,2020-11,Property Offense,660
A008,2020-11,Public Order Offense,517
A008,2020-11,Vehicle Stop,1325
A008,2020-11,Warrant,105
A008,2020-12,Civil Caretaking,1258
A008,2020-12,Offense Against Person,254
A008,2020-12,Other,1257
A008,2020-12,Pedestrian Stop,66
A008,2020-12,Property Offense,665
A008,2020-12,Public Order Offense,487
A008,2020-12,Vehicle Stop,1096
A008,2020-12,Warrant,123
A008,2021-01,Civil Caretaking,1183
A008,2021-01,Offense Against Person,220
A008,2021-01,Other,1213
A008,2021-01,Pedestrian Stop,57
A008,2021-01,Property Offense,550
A008,2021-01,Public Order Offense,426
A008,2021-01,Vehicle Stop,1214
A008,2021-01,Warrant,125
A008,2021-02,Civil Caretaking,1180
A008,2021-02,Offense Against Person,224
A008,2021-02,Other,1188
A008,2021-02,Pedestrian Stop,52
A008,2021-02,Property Offense,534
A008,2021-02,Public Order Offense,459
A008,2021-02,Vehicle Stop,1221
A008,2021-02,Warrant,133
A008,2021-03,Civil Caretaking,1116
A008,2021-03,Offense Against Person,207
A008,2021-03,Other,1296
A008,2021-03,Pedestrian Stop,62
A008,2021-03,Property Offense,553
A008,2021-03,Public Order Offense,552
A008,2021-03,Vehicle Stop,1279
A008,2021-03,Warrant,141
A008,2021-04,Civil Caretaking,1018
A008,2021-04,Offense Against Person,269
A008,2021-04,Other,1382
A008,2021-04,Pedestrian Stop,64
A008,2021-04,Property Offense,588
A008,2021-04,Public Order Offense,624
A008,2021-04,Vehicle Stop,1249
A008,2021-04,Warrant,134
A008,2021-05,Civil Caretaking,961
A008,2021-05,Offense Against Person,311
A008,2021-05,Other,1388
A008,2021-05,Pedestrian Stop,75
A008,2021-05,Property Offense,649
A008,2021-05,Public Order Offense,609
A008,2021-05,Vehicle Stop,1430
A008,2021-05,Warrant,138
A008,2021-06,Civil Caretaking,981
A008,2021-06,Offense Against Person,311
A008,2021-06,Other,1307
A008,2021-06,Pedestrian Stop,61
A008,2021-06,Property Offense,670
A008,2021-06,Public Order Offense,708
A008,2021-06,Vehicle Stop,1628
A008,2021-06,Warrant,140
A008,2021-07,Civil Caretaking,990
A008,2021-07,Offense Against Person,375
A008,2021-07,Other,1480
A008,2021-07,Pedestrian Stop,74
A008,2021-07,Property Offense,744
A008,2021-07,Public Order Offense,718
A008,2021-07,Vehicle Stop,1809
A008,2021-07,Warrant,123
A008,2021-08,Civil Caretaking,1006
A008,2021-08,Offense Against Person,306
A008,2021-08,Other,1472
A008,2021-08,Pedestrian Stop,94
A008,2021-08,Property Offense,754
A008,2021-08,Public Order Offense,697
A008,2021-08,Vehicle Stop,1677
A008,2021-08,Warrant,125
A008,2021-09,Civil Caretaking,990
A008,2021-09,Offense Against Person,284
A008,2021-09,Other,1531
A008,2021-09,Pedestrian Stop,78
A008,2021-09,Property Offense,775
A008,2021-09,Public Order Offense,576
A008,2021-09,Vehicle Stop,1497
A008,2021-09,Warrant,141
A008,2021-10,Civil Caretaking,1156
A008,2021-10,Offense Against Person,230
A008,2021-10,Other,1457
A008,2021-10,Pedestrian Stop,59
A008,2021-10,Property Offense,678
A008,2021-10,Public Order Offense,596
A008,2021-10,Vehicle Stop,1583
A008,2021-10,Warrant,110
A008,2021-11,Civil Caretaking,1082
A008,2021-11,Offense Against Person,262
A008,2021-11,Other,1331
A008,2021-11,Pedestrian Stop,56
A008,2021-11,Property Offense,732
A008,2021-11,Public Order Offense,527
A008,2021-11,Vehicle Stop,1450
A008,2021-11,Warrant,114
A008,2021-12,Civil Caretaking,1273
A008,2021-12,Offense Against Person,220
A008,2021-12,Other,1287
A008,2021-12,Pedestrian Stop,63
A008,2021-12,Property Offense,640
A008,2021-12,Public Order Offense,419
A008,2021-12,Vehicle Stop,1300
A008,2021-12,Warrant,112
A008,2022-01,Civil Caretaking,1030
A008,2022-01,Offense Against Person,217
A008,2022-01,Other,1295
A008,2022-01,Pedestrian Stop,66
A008,2022-01,Property Offense,522
A008,2022-01,Public Order Offense,440
A008,2022-01,Vehicle Stop,1354
A008,2022-01,Warrant,121
A008,2022-02,Civil Caretaking,1207
A008,2022-02,Offense Against Person,223
A008,2022-02,Other,1299
A008,2022-02,Pedestrian Stop,56
A008,2022-02,Property Offense,608
A008,2022-02,Public Order Offense,478
A008,2022-02,Vehicle Stop,1273
A008,2022-02,Warrant,146
A008,2022-03,Civil Caretaking,1157
A008,2022-03,Offense Against Person,219
A008,2022-03,Other,1486
A008,2022-03,Pedestrian Stop,67
A008,2022-03,Property Offense,621
A008,2022-03,Public Order Offense,529
A008,2022-03,Vehicle Stop,1336
A008,2022-03,Warrant,142
A008,2022-04,Civil Caretaking,1016
A008,2022-04,Offense Against Person,271
A008,2022-04,Other,1394
A008,2022-04,Pedestrian Stop,69
A008,2022-04,Property Offense,614
A008,2022-04,Public Order Offense,603
A008,2022-04,Vehicle Stop,1419
A008,2022-04,Warrant,132
A008,2022-05,Civil Caretaking,1240
A008,2022-05,Offense Against Person,344
A008,2022-05,Other,1348
A008,2022-05,Pedestrian Stop,65
A008,2022-05,Property Offense,666
A008,2022-05,Public Order Offense,592
A008,2022-05,Vehicle Stop,1470
A008,2022-05,Warrant,147
A008,2022-06,Civil Caretaking,993
A008,2022-06,Offense Against Person,298
A008,2022-06,Other,1453
A008,2022-06,Pedestrian Stop,72
A008,2022-06,Property Offense,689
A008,2022-06,Public Order Offense,649
A008,2022-06,Vehicle Stop,1752
A008,2022-06,Warrant,144
A008,2022-07,Civil Caretaking,887
A008,2022-07,Offense Against Person,325
A008,2022-07,Other,1318
A008,2022-07,Pedestrian Stop,89
A008,2022-07,Property Offense,751
A008,2022-07,Public Order Offense,721
A008,2022-07,Vehicle Stop,1599
A008,2022-07,Warrant,140
A008,2022-08,Civil Caretaking,1135
A008,2022-08,Offense Against Person,329
A008,2022-08,Other,1599
A008,2022-08,Pedestrian Stop,66
A008,2022-08,Property Offense,792
A008,2022-08,Public Order Offense,713
A008,2022-08,Vehicle Stop,1767
A008,2022-08,Warrant,130
A008,2022-09,Civil Caretaking,1103
A008,2022-09,Offense Against Person,274
A008,2022-09,Other,1408
A008,2022-09,Pedestrian Stop,69
A008,2022-09,Property Offense,729
A008,2022-09,Public Order Offense,600
A008,2022-09,Vehicle Stop,1479
A008,2022-09,Warrant,118
A008,2022-10,Civil Caretaking,1132
A008,2022-10,Offense Against Person,272
A008,2022-10,Other,1344
A008,2022-10,Pedestrian Stop,62
A008,2022-10,Property Offense,667
A008,2022-10,Public Order Offense,683
A008,2022-10,Vehicle Stop,1529
A008,2022-10,Warrant,114
A008,2022-11,Civil Caretaking,1181
A008,2022-11,Offense Against Person,245
A008,2022-11,Other,1355
A008,2022-11,Pedestrian Stop,62
A008,2022-11,Property Offense,720
A008,2022-11,Public Order Offense,576
A008,2022-11,Vehicle Stop,1630
A008,2022-11,Warrant,126
A008,2022-12,Civil Caretaking,1098
A008,2022-12,Offense Against Person,217
A008,2022-12,Other,1198
A008,2022-12,Pedestrian Stop,56
A008,2022-12,Property Offense,548
A008,2022-12,Public Order Offense,498
A008,2022-12,Vehicle Stop,1451
A008,2022-12,Warrant,141
A008,2023-01,Civil Caretaking,1294
A008,2023-01,Offense Against Person,236
A008,2023-01,Other,1319
A008,2023-01,Pedestrian Stop,61
A008,2023-01,Property Offense,613
A008,2023-01,Public Order Offense,427
A008,2023-01,Vehicle Stop,1554
A008,2023-01,Warrant,119
A008,2023-02,Civil Caretaking,1109
A008,2023-02,Offense Against Person,210
A008,2023-02,Other,1235
A008,2023-02,Pedestrian Stop,54
A008,2023-02,Property Offense,594
A008,2023-02,Public Order Offense,422
A008,2023-02,Vehicle Stop,1386
A008,2023-02,Warrant,139
A008,2023-03,Civil Caretaking,1237
A008,2023-03,Offense Against Person,271
A008,2023-03,Other,1405
A008,2023-03,Pedestrian Stop,60
A008,2023-03,Property Offense,645
A008,2023-03,Public Order Offense,499
A008,2023-03,Vehicle Stop,1430
A008,2023-03,Warrant,155
A008,2023-04,Civil Caretaking,1164
A008,2023-04,Offense Against Person,264
A008,2023-04,Other,1230
A008,2023-04,Pedestrian Stop,67
A008,2023-04,Property Offense,630
A008,2023-04,Public Order Offense,524
A008,2023-04,Vehicle Stop,1494
A008,2023-04,Warrant,129
A008,2023-05,Civil Caretaking,1038
A008,2023-05,Offense Against Person,337
A008,2023-05,Other,1431
A008,2023-05,Pedestrian Stop,67
A008,2023-05,Property Offense,704
A008,2023-05,Public Order Offense,615
A008,2023-05,Vehicle Stop,1328
A008,2023-05,Warrant,146
A008,2023-06,Civil Caretaking,896
A008,2023-06,Offense Against Person,308
A008,2023-06,Other,1452
A008,2023-06,Pedestrian Stop,74
A008,2023-06,Property Offense,684
A008,2023-06,Public Order Offense,677
A008,2023-06,Vehicle Stop,1482
A008,2023-06,Warrant,144
A008,2023-07,Civil Caretaking,1064
A008,2023-07,Offense Against Person,412
A008,2023-07,Other,1652
A008,2023-07,Pedestrian Stop,73
A008,2023-07,Property Offense,700
A008,2023-07,Public Order Offense,719
A008,2023-07,Vehicle Stop,1587
A008,2023-07,Warrant,130
A008,2023-08,Civil Caretaking,1030
A008,2023-08,Offense Against Person,376
A008,2023-08,Other,1385
A008,2023-08,Pedestrian Stop,69
A008,2023-08,Property Offense,878
A008,2023-08,Public Order Offense,788
A008,2023-08,Vehicle Stop,1616
A008,2023-08,Warrant,118
A008,2023-09,Civil Caretaking,1030
A008,2023-09,Offense Against Person,317
A008,2023-09,Other,1296
A008,2023-09,Pedestrian Stop,77
A008,2023-09,Property Offense,722
A008,2023-09,Public Order Offense,665
A008,2023-09,Vehicle Stop,1585
A008,2023-09,Warrant,123
A008,2023-10,Civil Caretaking,1234
A008,2023-10,Offense Against Person,304
A008,2023-10,Other,1340
A008,2023-10,Pedestrian Stop,64
A008,2023-10,Property Offense,831
A008,2023-10,Public Order Offense,527
A008,2023-10,Vehicle Stop,1652
A008,2023-10,Warrant,125
A008,2023-11,Civil Caretaking,1147
A008,2023-11,Offense Against Person,253
A008,2023-11,Other,1349
A008,2023-11,Pedestrian Stop,60
A008,2023-11,Property Offense,791
A008,2023-11,Public Order Offense,504
A008,2023-11,Vehicle Stop,1460
A008,2023-11,Warrant,103
A008,2023-12,Civil Caretaking,1295
A008,2023-12,Offense Against Person,196
A008,2023-12,Other,1568
A008,2023-12,Pedestrian Stop,61
A008,2023-12,Property Offense,561
A008,2023-12,Public Order Offense,485
A008,2023-12,Vehicle Stop,1473
A008,2023-12,Warrant,129
A008,2024-01,Civil Caretaking,1177
A008,2024-01,Offense Against Person,238
A008,2024-01,Other,1437
A008,2024-01,Pedestrian Stop,45
A008,2024-01,Property Offense,615
A008,2024-01,Public Order Offense,427
A008,2024-01,Vehicle Stop,1332
A008,2024-01,Warrant,144
A008,2024-02,Civil Caretaking,1277
A008,2024-02,Offense Against Person,203
A008,2024-02,Other,1318
A008,2024-02,Pedestrian Stop,60
A008,2024-02,Property Offense,565
A008,2024-02,Public Order Offense,513
A008,2024-02,Vehicle Stop,1282
A008,2024-02,Warrant,130
A008,2024-03,Civil Caretaking,1147
A008,2024-03,Offense Against Person,221
A008,2024-03,Other,1273
A008,2024-03,Pedestrian Stop,76
A008,2024-03,Property Offense,568
A008,2024-03,Public Order Offense,524
A008,2024-03,Vehicle Stop,1367
A008,2024-03,Warrant,107
A008,2024-04,Civil Caretaking,1167
A008,2024-04,Offense Against Person,290
A008,2024-04,Other,1352
A008,2024-04,Pedestrian Stop,59
A008,2024-04,Property Offense,612
A008,2024-04,Public Order Offense,701
A008,2024-04,Vehicle Stop,1559
A008,2024-04,Warrant,143
A008,2024-05,Civil Caretaking,1017
A008,2024-05,Offense Against Person,323
A008,2024-05,Other,1457
A008,2024-05,Pedestrian Stop,80
A008,2024-05,Property Offense,680
A008,2024-05,Public Order Offense,575
A008,2024-05,Vehicle Stop,1479
A008,2024-05,Warrant,104
A008,2024-06,Civil Caretaking,1070
A008,2024-06,Offense Against Person,326
A008,2024-06,Other,1597
A008,2024-06,Pedestrian Stop,73
A008,2024-06,Property Offense,713
A008,2024-06,Public Order Offense,666
A008,2024-06,Vehicle Stop,1603
A008,2024-06,Warrant,153
A008,2024-07,Civil Caretaking,1035
A008,2024-07,Offense Against Person,330
A008,2024-07,Other,1412
A008,2024-07,Pedestrian Stop,88
A008,2024-07,Property Offense,764
A008,2024-07,Public Order Offense,680
A008,2024-07,Vehicle Stop,1531
A008,2024-07,Warrant,137
A008,2024-08,Civil Caretaking,1078
A008,2024-08,Offense Against Person,305
A008,2024-08,Other,1371
A008,2024-08,Pedestrian Stop,86
A008,2024-08,Property Offense,755
A008,2024-08,Public Order Offense,626
A008,2024-08,Vehicle Stop,1667
A008,2024-08,Warrant,104
A008,2024-09,Civil Caretaking,1051
A008,2024-09,Offense Against Person,331
A008,2024-09,Other,1349
A008,2024-09,Pedestrian Stop,81
A008,2024-09,Property Offense,840
A008,2024-09,Public Order Offense,602
A008,2024-09,Vehicle Stop,1617
A008,2024-09,Warrant,129
A008,2024-10,Civil Caretaking,1145
A008,2024-10,Offense Against Person,291
A008,2024-10,Other,1422
A008,2024-10,Pedestrian Stop,55
A008,2024-10,Property Offense,778
A008,2024-10,Public Order Offense,547
A008,2024-10,Vehicle Stop,1719
A008,2024-10,Warrant,120
A008,2024-11,Civil Caretaking,1159
A008,2024-11,Offense Against Person,253
A008,2024-11,Other,1336
A008,2024-11,Pedestrian Stop,65
A008,2024-11,Property Offense,770
A008,2024-11,Public Order Offense,542
A008,2024-11,Vehicle Stop,1409
A008,2024-11,Warrant,123
A008,2024-12,Civil Caretaking,1120
A008,2024-12,Offense Against Person,207
A008,2024-12,Other,1121
A008,2024-12,Pedestrian Stop,76
A008,2024-12,Property Offense,659
A008,2024-12,Public Order Offense,450
A008,2024-12,Vehicle Stop,1509
A008,2024-12,Warrant,137
A008,2025-01,Civil Caretaking,1276
A008,2025-01,Offense Against Person,247
A008,2025-01,Other,1224
A008,2025-01,Pedestrian Stop,44
A008,2025-01,Property Offense,589
A008,2025-01,Public Order Offense,509
A008,2025-01,Vehicle Stop,1418
A008,2025-01,Warrant,117
A008,2025-02,Civil Caretaking,1262
A008,2025-02,Offense Against Person,173
A008,2025-02,Other,1226
A008,2025-02,Pedestrian Stop,63
A008,2025-02,Property Offense,512
A008,2025-02,Public Order Offense,460
A008,2025-02,Vehicle Stop,1210
A008,2025-02,Warrant,115
A008,2025-03,Civil Caretaking,1260
A008,2025-03,Offense Against Person,253
A008,2025-03,Other,1356
A008,2025-03,Pedestrian Stop,48
A008,2025-03,Property Offense,558
A008,2025-03,Public Order Offense,487
A008,2025-03,Vehicle Stop,1485
A008,2025-03,Warrant,103
A008,2025-04,Civil Caretaking,1057
A008,2025-04,Offense Against Person,288
A008,2025-04,Other,1314
A008,2025-04,Pedestrian Stop,60
A008,2025-04,Property Offense,634
A008,2025-04,Public Order Offense,591
A008,2025-04,Vehicle Stop,1441
A008,2025-04,Warrant,143
A008,2025-05,Civil Caretaking,1011
A008,2025-05,Offense Against Person,332
A008,2025-05,Other,1420
A008,2025-05,Pedestrian Stop,81
A008,2025-05,Property Offense,726
A008,2025-05,Public Order Offense,642
A008,2025-05,Vehicle Stop,1452
A008,2025-05,Warrant,141
A008,2025-06,Civil Caretaking,1100
A008,2025-06,Offense Against Person,355
A008,2025-06,Other,1467
A008,2025-06,Pedestrian Stop,80
A008,2025-06,Property Offense,725
A008,2025-06,Public Order Offense,742
A008,2025-06,Vehicle Stop,1640
A008,2025-06,Warrant,143
A008,2025-07,Civil Caretaking,1114
A008,2025-07,Offense Against Person,317
A008,2025-07,Other,1371
A008,2025-07,Pedestrian Stop,91
A008,2025-07,Property Offense,744
A008,2025-07,Public Order Offense,674
A008,2025-07,Vehicle Stop,1693
A008,2025-07,Warrant,125
A008,2025-08,Civil Caretaking,1133
A008,2025-08,Offense Against Person,317
A008,2025-08,Other,1516
A008,2025-08,Pedestrian Stop,90
A008,2025-08,Property Offense,792
A008,2025-08,Public Order Offense,666
A008,2025-08,Vehicle Stop,1713
A008,2025-08,Warrant,140
A008,2025-09,Civil Caretaking,1047
A008,2025-09,Offense Against Person,305
A008,2025-09,Other,1519
A008,2025-09,Pedestrian Stop,96
A008,2025-09,Property Offense,753
A008,2025-09,Public Order Offense,604
A008,2025-09,Vehicle Stop,1615
A008,2025-09,Warrant,120
A008,2025-10,Civil Caretaking,1120
A008,2025-10,Offense Against Person,264
A008,2025-10,Other,1429
A008,2025-10,Pedestrian Stop,47
A008,2025-10,Property Offense,835
A008,2025-10,Public Order Offense,609
A008,2025-10,Vehicle Stop,1590
A008,2025-10,Warrant,123
A008,2025-11,Civil Caretaking,1118
A008,2025-11,Offense Against Person,299
A008,2025-11,Other,1333
A008,2025-11,Pedestrian Stop,68
A008,2025-11,Property Offense,707
A008,2025-11,Public Order Offense,583
A008,2025-11,Vehicle Stop,1451
A008,2025-11,Warrant,133
A008,2025-12,Civil Caretaking,1383
A008,2025-12,Offense Against Person,212
A008,2025-12,Other,1310
A008,2025-12,Pedestrian Stop,62
A008,2025-12,Property Offense,646
A008,2025-12,Public Order Offense,489
A008,2025-12,Vehicle Stop,1278
A008,2025-12,Warrant,153
A008,2026-01,Civil Caretaking,1049
A008,2026-01,Offense Against Person,217
A008,2026-01,Other,1472
A008,2026-01,Pedestrian Stop,57
A008,2026-01,Property Offense,622
A008,2026-01,Public Order Offense,486
A008,2026-01,Vehicle Stop,1372
A008,2026-01,Warrant,150
A008,2026-02,Civil Caretaking,1357
A008,2026-02,Offense Against Person,196
A008,2026-02,Other,1358
A008,2026-02,Pedestrian Stop,60
A008,2026-02,Property Offense,570
A008,2026-02,Public Order Offense,576
A008,2026-02,Vehicle Stop,1464
A008,2026-02,Warrant,149
A008,2026-03,Civil Caretaking,1139
A008,2026-03,Offense Against Person,284
A008,2026-03,Other,1432
A008,2026-03,Pedestrian Stop,55
A008,2026-03,Property Offense,603
A008,2026-03,Public Order Offense,528
A008,2026-03,Vehicle Stop,1433
A008,2026-03,Warrant,128
A008,2026-04,Civil Caretaking,1231
A008,2026-04,Offense Against Person,321
A008,2026-04,Other,1394
A008,2026-04,Pedestrian Stop,62
A008,2026-04,Property Offense,680
A008,2026-04,Public Order Offense,656
A008,2026-04,Vehicle Stop,1307
A008,2026-04,Warrant,143
A008,2026-05,Civil Caretaking,805
A008,2026-05,Offense Against Person,241
A008,2026-05,Other,1031
A008,2026-05,Pedestrian Stop,63
A008,2026-05,Property Offense,470
A008,2026-05,Public Order Offense,450
A008,2026-05,Vehicle Stop,1065
A008,2026-05,Warrant,102
A008,2026-06,Civil Caretaking,525
A008,2026-06,Offense Against Person,168
A008,2026-06,Other,608
A008,2026-06,Pedestrian Stop,33
A008,2026-06,Property Offense,321
A008,2026-06,Public Order Offense,303
A008,2026-06,Vehicle Stop,748
A008,2026-06,Warrant,64
A009,2019-01,Civil Caretaking,361
A009,2019-01,Offense Against Person,64
A009,2019-01,Other,332
A009,2019-01,Pedestrian Stop,16
A009,2019-01,Property Offense,152
A009,2019-01,Public Order Offense,113
A009,2019-01,Vehicle Stop,363
A009,2019-01,Warrant,35
A009,2019-02,Civil Caretaking,272
A009,2019-02,Offense Against Person,69
A009,2019-02,Other,303
A009,2019-02,Pedestrian Stop,16
A009,2019-02,Property Offense,159
A009,2019-02,Public Order Offense,114
A009,2019-02,Vehicle Stop,305
A009,2019-02,Warrant,38
A009,2019-03,Civil Caretaking,292
A009,2019-03,Offense Against Person,66
A009,2019-03,Other,347
A009,2019-03,Pedestrian Stop,17
A009,2019-03,Property Offense,168
A009,2019-03,Public Order Offense,115
A009,2019-03,Vehicle Stop,349
A009,2019-03,Warrant,36
A009,2019-04,Civil Caretaking,327
A009,2019-04,Offense Against Person,68
A009,2019-04,Other,332
A009,2019-04,Pedestrian Stop,25
A009,2019-04,Property Offense,146
A009,2019-04,Public Order Offense,180
A009,2019-04,Vehicle Stop,387
A009,2019-04,Warrant,45
A009,2019-05,Civil Caretaking,307
A009,2019-05,Offense Against Person,65
A009,2019-05,Other,396
A009,2019-05,Pedestrian Stop,20
A009,2019-05,Property Offense,178
A009,2019-05,Public Order Offense,181
A009,2019-05,Vehicle Stop,386
A009,2019-05,Warrant,38
A009,2019-06,Civil Caretaking,255
A009,2019-06,Offense Against Person,73
A009,2019-06,Other,363
A009,2019-06,Pedestrian Stop,20
A009,2019-06,Property Offense,228
A009,2019-06,Public Order Offense,194
A009,2019-06,Vehicle Stop,403
A009,2019-06,Warrant,31
A009,2019-07,Civil Caretaking,260
A009,2019-07,Offense Against Person,70
A009,2019-07,Other,368
A009,2019-07,Pedestrian Stop,24
A009,2019-07,Property Offense,174
A009,2019-07,Public Order Offense,181
A009,2019-07,Vehicle Stop,419
A009,2019-07,Warrant,30
A009,2019-08,Civil Caretaking,242
A009,2019-08,Offense Against Person,83
A009,2019-08,Other,359
A009,2019-08,Pedestrian Stop,13
A009,2019-08,Property Offense,219
A009,2019-08,Public Order Offense,170
A009,2019-08,Vehicle Stop,463
A009,2019-08,Warrant,34
A009,2019-09,Civil Caretaking,291
A009,2019-09,Offense Against Person,96
A009,2019-09,Other,354
A009,2019-09,Pedestrian Stop,15
A009,2019-09,Property Offense,157
A009,2019-09,Public Order Offense,169
A009,2019-09,Vehicle Stop,379
A009,2019-09,Warrant,36
A009,2019-10,Civil Caretaking,292
A009,2019-10,Offense Against Person,77
A009,2019-10,Other,351
A009,2019-10,Pedestrian Stop,20
A009,2019-10,Property Offense,195
A009,2019-10,Public Order Offense,158
A009,2019-10,Vehicle Stop,374
A009,2019-10,Warrant,34
A009,2019-11,Civil Caretaking,286
A009,2019-11,Offense Against Person,72
A009,2019-11,Other,270
A009,2019-11,Pedestrian Stop,21
A009,2019-11,Property Offense,151
A009,2019-11,Public Order Offense,124
A009,2019-11,Vehicle Stop,360
A009,2019-11,Warrant,36
A009,2019-12,Civil Caretaking,284
A009,2019-12,Offense Against Person,66
A009,2019-12,Other,302
A009,2019-12,Pedestrian Stop,16
A009,2019-12,Property Offense,155
A009,2019-12,Public Order Offense,128
A009,2019-12,Vehicle Stop,349
A009,2019-12,Warrant,39
A009,2020-01,Civil Caretaking,356
A009,2020-01,Offense Against Person,48
A009,2020-01,Other,289
A009,2020-01,Pedestrian Stop,21
A009,2020-01,Property Offense,143
A009,2020-01,Public Order Offense,107
A009,2020-01,Vehicle Stop,392
A009,2020-01,Warrant,36
A009,2020-02,Civil Caretaking,283
A009,2020-02,Offense Against Person,67
A009,2020-02,Other,328
A009,2020-02,Pedestrian Stop,15
A009,2020-02,Property Offense,165
A009,2020-02,Public Order Offense,133
A009,2020-02,Vehicle Stop,328
A009,2020-02,Warrant,38
A009,2020-03,Civil Caretaking,308
A009,2020-03,Offense Against Person,68
A009,2020-03,Other,362
A009,2020-03,Pedestrian Stop,17
A009,2020-03,Property Offense,153
A009,2020-03,Public Order Offense,139
A009,2020-03,Vehicle Stop,309
A009,2020-03,Warrant,26
A009,2020-04,Civil Caretaking,275
A009,2020-04,Offense Against Person,76
A009,2020-04,Other,345
A009,2020-04,Pedestrian Stop,16
A009,2020-04,Property Offense,167
A009,2020-04,Public Order Offense,176
A009,2020-04,Vehicle Stop,378
A009,2020-04,Warrant,31
A009,2020-05,Civil Caretaking,271
A009,2020-05,Offense Against Person,87
A009,2020-05,Other,379
A009,2020-05,Pedestrian Stop,19
A009,2020-05,Property Offense,155
A009,2020-05,Public Order Offense,147
A009,2020-05,Vehicle Stop,439
A009,2020-05,Warrant,34
A009,2020-06,Civil Caretaking,275
A009,2020-06,Offense Against Person,83
A009,2020-06,Other,382
A009,2020-06,Pedestrian Stop,30
A009,2020-06,Property Offense,163
A009,2020-06,Public Order Offense,182
A009,2020-06,Vehicle Stop,376
A009,2020-06,Warrant,32
A009,2020-07,Civil Caretaking,263
A009,2020-07,Offense Against Person,91
A009,2020-07,Other,372
A009,2020-07,Pedestrian Stop,20
A009,2020-07,Property Offense,195
A009,2020-07,Public Order Offense,170
A009,2020-07,Vehicle Stop,427
A009,2020-07,Warrant,33
A009,2020-08,Civil Caretaking,229
A009,2020-08,Offense Against Person,100
A009,2020-08,Other,380
A009,2020-08,Pedestrian Stop,15
A009,2020-08,Property Offense,218
A009,2020-08,Public Order Offense,174
A009,2020-08,Vehicle Stop,392
A009,2020-08,Warrant,36
A009,2020-09,Civil Caretaking,282
A009,2020-09,Offense Against Person,74
A009,2020-09,Other,376
A009,2020-09,Pedestrian Stop,16
A009,2020-09,Property Offense,189
A009,2020-09,Public Order Offense,176
A009,2020-09,Vehicle Stop,400
A009,2020-09,Warrant,43
A009,2020-10,Civil Caretaking,303
A009,2020-10,Offense Against Person,63
A009,2020-10,Other,399
A009,2020-10,Pedestrian Stop,16
A009,2020-10,Property Offense,207
A009,2020-10,Public Order Offense,177
A009,2020-10,Vehicle Stop,422
A009,2020-10,Warrant,32
A009,2020-11,Civil Caretaking,245
A009,2020-11,Offense Against Person,51
A009,2020-11,Other,379
A009,2020-11,Pedestrian Stop,16
A009,2020-11,Property Offense,188
A009,2020-11,Public Order Offense,134
A009,2020-11,Vehicle Stop,378
A009,2020-11,Warrant,39
A009,2020-12,Civil Caretaking,351
A009,2020-12,Offense Against Person,49
A009,2020-12,Other,336
A009,2020-12,Pedestrian Stop,20
A009,2020-12,Property Offense,164
A009,2020-12,Public Order Offense,111
A009,2020-12,Vehicle Stop,394
A009,2020-12,Warrant,32
A009,2021-01,Civil Caretaking,322
A009,2021-01,Offense Against Person,56
A009,2021-01,Other,299
A009,2021-01,Pedestrian Stop,18
A009,2021-01,Property Offense,131
A009,2021-01,Public Order Offense,105
A009,2021-01,Vehicle Stop,385
A009,2021-01,Warrant,30
A009,2021-02,Civil Caretaking,319
A009,2021-02,Offense Against Person,63
A009,2021-02,Other,355
A009,2021-02,Pedestrian Stop,13
A009,2021-02,Property Offense,178
A009,2021-02,Public Order Offense,148
A009,2021-02,Vehicle Stop,349
A009,2021-02,Warrant,28
A009,2021-03,Civil Caretaking,289
A009,2021-03,Offense Against Person,63
A009,2021-03,Other,317
A009,2021-03,Pedestrian Stop,18
A009,2021-03,Property Offense,151
A009,2021-03,Public Order Offense,137
A009,2021-03,Vehicle Stop,333
A009,2021-03,Warrant,45
A009,2021-04,Civil Caretaking,275
A009,2021-04,Offense Against Person,94
A009,2021-04,Other,381
A009,2021-04,Pedestrian Stop,19
A009,2021-04,Property Offense,165
A009,2021-04,Public Order Offense,125
A009,2021-04,Vehicle Stop,335
A009,2021-04,Warrant,44
A009,2021-05,Civil Caretaking,276
A009,2021-05,Offense Against Person,87
A009,2021-05,Other,366
A009,2021-05,Pedestrian Stop,11
A009,2021-05,Property Offense,205
A009,2021-05,Public Order Offense,141
A009,2021-05,Vehicle Stop,391
A009,2021-05,Warrant,32
A009,2021-06,Civil Caretaking,246
A009,2021-06,Offense Against Person,77
A009,2021-06,Other,389
A009,2021-06,Pedestrian Stop,20
A009,2021-06,Property Offense,193
A009,2021-06,Public Order Offense,166
A009,2021-06,Vehicle Stop,461
A009,2021-06,Warrant,31
A009,2021-07,Civil Caretaking,256
A009,2021-07,Offense Against Person,105
A009,2021-07,Other,364
A009,2021-07,Pedestrian Stop,16
A009,2021-07,Property Offense,194
A009,2021-07,Public Order Offense,173
A009,2021-07,Vehicle Stop,443
A009,2021-07,Warrant,46
A009,2021-08,Civil Caretaking,297
A009,2021-08,Offense Against Person,96
A009,2021-08,Other,373
A009,2021-08,Pedestrian Stop,26
A009,2021-08,Property Offense,212
A009,2021-08,Public Order Offense,187
A009,2021-08,Vehicle Stop,392
A009,2021-08,Warrant,32
A009,2021-09,Civil Caretaking,284
A009,2021-09,Offense Against Person,68
A009,2021-09,Other,401
A009,2021-09,Pedestrian Stop,20
A009,2021-09,Property Offense,186
A009,2021-09,Public Order Offense,195
A009,2021-09,Vehicle Stop,428
A009,2021-09,Warrant,44
A009,2021-10,Civil Caretaking,287
A009,2021-10,Offense Against Person,77
A009,2021-10,Other,362
A009,2021-10,Pedestrian Stop,18
A009,2021-10,Property Offense,180
A009,2021-10,Public Order Offense,147
A009,2021-10,Vehicle Stop,458
A009,2021-10,Warrant,37
A009,2021-11,Civil Caretaking,288
A009,2021-11,Offense Against Person,51
A009,2021-11,Other,350
A009,2021-11,Pedestrian Stop,25
A009,2021-11,Property Offense,187
A009,2021-11,Public Order Offense,128
A009,2021-11,Vehicle Stop,382
A009,2021-11,Warrant,37
A009,2021-12,Civil Caretaking,353
A009,2021-12,Offense Against Person,52
A009,2021-12,Other,366
A009,2021-12,Pedestrian Stop,9
A009,2021-12,Property Offense,144
A009,2021-12,Public Order Offense,119
A009,2021-12,Vehicle Stop,388
A009,2021-12,Warrant,31
A009,2022-01,Civil Caretaking,314
A009,2022-01,Offense Against Person,55
A009,2022-01,Other,310
A009,2022-01,Pedestrian Stop,6
A009,2022-01,Property Offense,122
A009,2022-01,Public Order Offense,98
A009,2022-01,Vehicle Stop,353
A009,2022-01,Warrant,38
A009,2022-02,Civil Caretaking,273
A009,2022-02,Offense Against Person,58
A009,2022-02,Other,375
A009,2022-02,Pedestrian Stop,15
A009,2022-02,Property Offense,174
A009,2022-02,Public Order Offense,121
A009,2022-02,Vehicle Stop,365
A009,2022-02,Warrant,34
A009,2022-06,Civil Caretaking,256
A009,2022-06,Offense Against Person,78
A009,2022-06,Other,340
A009,2022-06,Pedestrian Stop,26
A009,2022-06,Property Offense,213
A009,2022-06,Public Order Offense,199
A009,2022-06,Vehicle Stop,416
A009,2022-06,Warrant,31
A009,2022-07,Civil Caretaking,230
A009,2022-07,Offense Against Person,90
A009,2022-07,Other,420
A009,2022-07,Pedestrian Stop,29
A009,2022-07,Property Offense,203
A009,2022-07,Public Order Offense,197
A009,2022-07,Vehicle Stop,445
A009,2022-07,Warrant,43
A009,2022-08,Civil Caretaking,243
A009,2022-08,Offense Against Person,75
A009,2022-08,Other,402
A009,2022-08,Pedestrian Stop,14
A009,2022-08,Property Offense,187
A009,2022-08,Public Order Offense,175
A009,2022-08,Vehicle Stop,434
A009,2022-08,Warrant,42
A009,2022-09,Civil Caretaking,280
A009,2022-09,Offense Against Person,109
A009,2022-09,Other,401
A009,2022-09,Pedestrian Stop,20
A009,2022-09,Property Offense,209
A009,2022-09,Public Order Offense,204
A009,2022-09,Vehicle Stop,439
A009,2022-09,Warrant,31
A009,2022-10,Civil Caretaking,271
A009,2022-10,Offense Against Person,77
A009,2022-10,Other,358
A009,2022-10,Pedestrian Stop,23
A009,2022-10,Property Offense,196
A009,2022-10,Public Order Offense,159
A009,2022-10,Vehicle Stop,409
A009,2022-10,Warrant,20
A009,2022-11,Civil Caretaking,269
A009,2022-11,Offense Against Person,64
A009,2022-11,Other,346
A009,2022-11,Pedestrian Stop,21
A009,2022-11,Property Offense,174
A009,2022-11,Public Order Offense,127
A009,2022-11,Vehicle Stop,416
A009,2022-11,Warrant,39
A009,2022-12,Civil Caretaking,321
A009,2022-12,Offense Against Person,64
A009,2022-12,Other,282
A009,2022-12,Pedestrian Stop,21
A009,2022-12,Property Offense,160
A009,2022-12,Public Order Offense,115
A009,2022-12,Vehicle Stop,409
A009,2022-12,Warrant,40
A009,2023-01,Civil Caretaking,322
A009,2023-01,Offense Against Person,51
A009,2023-01,Other,341
A009,2023-01,Pedestrian Stop,20
A009,2023-01,Property Offense,172
A009,2023-01,Public Order Offense,134
A009,2023-01,Vehicle Stop,352
A009,2023-01,Warrant,31
A009,2023-02,Civil Caretaking,313
A009,2023-02,Offense Against Person,57
A009,2023-02,Other,350
A009,2023-02,Pedestrian Stop,18
A009,2023-02,Property Offense,139
A009,2023-02,Public Order Offense,97
A009,2023-02,Vehicle Stop,379
A009,2023-02,Warrant,34
A009,2023-03,Civil Caretaking,289
A009,2023-03,Offense Against Person,73
A009,2023-03,Other,341
A009,2023-03,Pedestrian Stop,16
A009,2023-03,Property Offense,167
A009,2023-03,Public Order Offense,127
A009,2023-03,Vehicle Stop,379
A009,2023-03,Warrant,37
A009,2023-04,Civil Caretaking,254
A009,2023-04,Offense Against Person,91
A009,2023-04,Other,332
A009,2023-04,Pedestrian Stop,13
A009,2023-04,Property Offense,201
A009,2023-04,Public Order Offense,125
A009,2023-04,Vehicle Stop,340
A009,2023-04,Warrant,43
A009,2023-05,Civil Caretaking,287
A009,2023-05,Offense Against Person,83
A009,2023-05,Other,418
A009,2023-05,Pedestrian Stop,16
A009,2023-05,Property Offense,177
A009,2023-05,Public Order Offense,171
A009,2023-05,Vehicle Stop,356
A009,2023-05,Warrant,34
A009,2023-06,Civil Caretaking,298
A009,2023-06,Offense Against Person,91
A009,2023-06,Other,360
A009,2023-06,Pedestrian Stop,15
A009,2023-06,Property Offense,204
A009,2023-06,Public Order Offense,156
A009,2023-06,Vehicle Stop,372
A009,2023-06,Warrant,43
A009,2023-07,Civil Caretaking,277
A009,2023-07,Offense Against Person,80
A009,2023-07,Other,415
A009,2023-07,Pedestrian Stop,19
A009,2023-07,Property Offense,177
A009,2023-07,Public Order Offense,192
A009,2023-07,Vehicle Stop,470
A009,2023-07,Warrant,29
A009,2023-08,Civil Caretaking,274
A009,2023-08,Offense Against Person,90
A009,2023-08,Other,434
A009,2023-08,Pedestrian Stop,29
A009,2023-08,Property Offense,205
A009,2023-08,Public Order Offense,154
A009,2023-08,Vehicle Stop,430
A009,2023-08,Warrant,44
A009,2023-09,Civil Caretaking,285
A009,2023-09,Offense Against Person,73
A009,2023-09,Other,371
A009,2023-09,Pedestrian Stop,28
A009,2023-09,Property Offense,226
A009,2023-09,Public Order Offense,172
A009,2023-09,Vehicle Stop,494
A009,2023-09,Warrant,32
A009,2023-10,Civil Caretaking,326
A009,2023-10,Offense Against Person,56
A009,2023-10,Other,327
A009,2023-10,Pedestrian Stop,22
A009,2023-10,Property Offense,194
A009,2023-10,Public Order Offense,177
A009,2023-10,Vehicle Stop,441
A009,2023-10,Warrant,48
A009,2023-11,Civil Caretaking,342
A009,2023-11,Offense Against Person,78
A009,2023-11,Other,377
A009,2023-11,Pedestrian Stop,12
A009,2023-11,Property Offense,179
A009,2023-11,Public Order Offense,110
A009,2023-11,Vehicle Stop,402
A009,2023-11,Warrant,33
A009,2023-12,Civil Caretaking,363
A009,2023-12,Offense Against Person,46
A009,2023-12,Other,310
A009,2023-12,Pedestrian Stop,15
A009,2023-12,Property Offense,173
A009,2023-12,Public Order Offense,111
A009,2023-12,Vehicle Stop,366
A009,2023-12,Warrant,30
A009,2024-01,Civil Caretaking,300
A009,2024-01,Offense Against Person,46
A009,2024-01,Other,350
A009,2024-01,Pedestrian Stop,16
A009,2024-01,Property Offense,171
A009,2024-01,Public Order Offense,110
A009,2024-01,Vehicle Stop,363
A009,2024-01,Warrant,31
A009,2024-02,Civil Caretaking,337
A009,2024-02,Offense Against Person,62
A009,2024-02,Other,353
A009,2024-02,Pedestrian Stop,24
A009,2024-02,Property Offense,161
A009,2024-02,Public Order Offense,131
A009,2024-02,Vehicle Stop,398
A009,2024-02,Warrant,31
A009,2024-03,Civil Caretaking,270
A009,2024-03,Offense Against Person,61
A009,2024-03,Other,373
A009,2024-03,Pedestrian Stop,22
A009,2024-03,Property Offense,160
A009,2024-03,Public Order Offense,125
A009,2024-03,Vehicle Stop,369
A009,2024-03,Warrant,29
A009,2024-04,Civil Caretaking,278
A009,2024-04,Offense Against Person,86
A009,2024-04,Other,414
A009,2024-04,Pedestrian Stop,25
A009,2024-04,Property Offense,143
A009,2024-04,Public Order Offense,152
A009,2024-04,Vehicle Stop,324
A009,2024-04,Warrant,33
A009,2024-05,Civil Caretaking,279
A009,2024-05,Offense Against Person,82
A009,2024-05,Other,400
A009,2024-05,Pedestrian Stop,11
A009,2024-05,Property Offense,169
A009,2024-05,Public Order Offense,182
A009,2024-05,Vehicle Stop,440
A009,2024-05,Warrant,49
A009,2024-06,Civil Caretaking,237
A009,2024-06,Offense Against Person,66
A009,2024-06,Other,408
A009,2024-06,Pedestrian Stop,23
A009,2024-06,Property Offense,176
A009,2024-06,Public Order Offense,226
A009,2024-06,Vehicle Stop,372
A009,2024-06,Warrant,39
A009,2024-07,Civil Caretaking,291
A009,2024-07,Offense Against Person,108
A009,2024-07,Other,417
A009,2024-07,Pedestrian Stop,28
A009,2024-07,Property Offense,245
A009,2024-07,Public Order Offense,268
A009,2024-07,Vehicle Stop,445
A009,2024-07,Warrant,31
A009,2024-08,Civil Caretaking,295
A009,2024-08,Offense Against Person,94
A009,2024-08,Other,407
A009,2024-08,Pedestrian Stop,29
A009,2024-08,Property Offense,198
A009,2024-08,Public Order Offense,182
A009,2024-08,Vehicle Stop,426
A009,2024-08,Warrant,35
A009,2024-09,Civil Caretaking,311
A009,2024-09,Offense Against Person,77
A009,2024-09,Other,386
A009,2024-09,Pedestrian Stop,22
A009,2024-09,Property Offense,210
A009,2024-09,Public Order Offense,157
A009,2024-09,Vehicle Stop,451
A009,2024-09,Warrant,41
A009,2024-10,Civil Caretaking,273
A009,2024-10,Offense Against Person,78
A009,2024-10,Other,386
A009,2024-10,Pedestrian Stop,21
A009,2024-10,Property Offense,231
A009,2024-10,Public Order Offense,130
A009,2024-10,Vehicle Stop,414
A009,2024-10,Warrant,47
A009,2024-11,Civil Caretaking,381
A009,2024-11,Offense Against Person,72
A009,2024-11,Other,394
A009,2024-11,Pedestrian Stop,20
A009,2024-11,Property Offense,186
A009,2024-11,Public Order Offense,140
A009,2024-11,Vehicle Stop,458
A009,2024-11,Warrant,29
A009,2024-12,Civil Caretaking,323
A009,2024-12,Offense Against Person,68
A009,2024-12,Other,353
A009,2024-12,Pedestrian Stop,11
A009,2024-12,Property Offense,200
A009,2024-12,Public Order Offense,117
A009,2024-12,Vehicle Stop,347
A009,2024-12,Warrant,29
A009,2025-01,Civil Caretaking,305
A009,2025-01,Offense Against Person,53
A009,2025-01,Other,331
A009,2025-01,Pedestrian Stop,18
A009,2025-01,Property Offense,180
A009,2025-01,Public Order Offense,104
A009,2025-01,Vehicle Stop,393
A009,2025-01,Warrant,26
A009,2025-02,Civil Caretaking,356
A009,2025-02,Offense Against Person,61
A009,2025-02,Other,359
A009,2025-02,Pedestrian Stop,23
A009,2025-02,Property Offense,151
A009,2025-02,Public Order Offense,115
A009,2025-02,Vehicle Stop,332
A009,2025-02,Warrant,31
A009,2025-03,Civil Caretaking,284
A009,2025-03,Offense Against Person,64
A009,2025-03,Other,362
A009,2025-03,Pedestrian Stop,16
A009,2025-03,Property Offense,160
A009,2025-03,Public Order Offense,146
A009,2025-03,Vehicle Stop,373
A009,2025-03,Warrant,40
A009,2025-04,Civil Caretaking,290
A009,2025-04,Offense Against Person,72
A009,2025-04,Other,400
A009,2025-04,Pedestrian Stop,17
A009,2025-04,Property Offense,156
A009,2025-04,Public Order Offense,158
A009,2025-04,Vehicle Stop,376
A009,2025-04,Warrant,33
A009,2025-05,Civil Caretaking,325
A009,2025-05,Offense Against Person,73
A009,2025-05,Other,430
A009,2025-05,Pedestrian Stop,19
A009,2025-05,Property Offense,200
A009,2025-05,Public Order Offense,181
A009,2025-05,Vehicle Stop,435
A009,2025-05,Warrant,37
A009,2025-06,Civil Caretaking,303
A009,2025-06,Offense Against Person,96
A009,2025-06,Other,412
A009,2025-06,Pedestrian Stop,21
A009,2025-06,Property Offense,171
A009,2025-06,Public Order Offense,194
A009,2025-06,Vehicle Stop,405
A009,2025-06,Warrant,39
A009,2025-07,Civil Caretaking,276
A009,2025-07,Offense Against Person,78
A009,2025-07,Other,391
A009,2025-07,Pedestrian Stop,23
A009,2025-07,Property Offense,202
A009,2025-07,Public Order Offense,185
A009,2025-07,Vehicle Stop,397
A009,2025-07,Warrant,39
A009,2025-08,Civil Caretaking,259
A009,2025-08,Offense Against Person,78
A009,2025-08,Other,369
A009,2025-08,Pedestrian Stop,19
A009,2025-08,Property Offense,200
A009,2025-08,Public Order Offense,181
A009,2025-08,Vehicle Stop,458
A009,2025-08,Warrant,39
A009,2025-09,Civil Caretaking,279
A009,2025-09,Offense Against Person,87
A009,2025-09,Other,376
A009,2025-09,Pedestrian Stop,16
A009,2025-09,Property Offense,214
A009,2025-09,Public Order Offense,167
A009,2025-09,Vehicle Stop,457
A009,2025-09,Warrant,45
A009,2025-10,Civil Caretaking,354
A009,2025-10,Offense Against Person,73
A009,2025-10,Other,345
A009,2025-10,Pedestrian Stop,19
A009,2025-10,Property Offense,182
A009,2025-10,Public Order Offense,136
A009,2025-10,Vehicle Stop,430
A009,2025-10,Warrant,33
A009,2025-11,Civil Caretaking,344
A009,2025-11,Offense Against Person,63
A009,2025-11,Other,365
A009,2025-11,Pedestrian Stop,22
A009,2025-11,Property Offense,234
A009,2025-11,Public Order Offense,117
A009,2025-11,Vehicle Stop,410
A009,2025-11,Warrant,31
A009,2025-12,Civil Caretaking,329
A009,2025-12,Offense Against Person,58
A009,2025-12,Other,354
A009,2025-12,Pedestrian Stop,17
A009,2025-12,Property Offense,165
A009,2025-12,Public Order Offense,107
A009,2025-12,Vehicle Stop,375
A009,2025-12,Warrant,44
A009,2026-01,Civil Caretaking,378
A009,2026-01,Offense Against Person,44
A009,2026-01,Other,360
A009,2026-01,Pedestrian Stop,16
A009,2026-01,Property Offense,159
A009,2026-01,Public Order Offense,119
A009,2026-01,Vehicle Stop,370
A009,2026-01,Warrant,39
A009,2026-02,Civil Caretaking,296
A009,2026-02,Offense Against Person,57
A009,2026-02,Other,330
A009,2026-02,Pedestrian Stop,20
A009,2026-02,Property Offense,180
A009,2026-02,Public Order Offense,93
A009,2026-02,Vehicle Stop,389
A009,2026-02,Warrant,36
A009,2026-03,Civil Caretaking,358
A009,2026-03,Offense Against Person,91
A009,2026-03,Other,372
A009,2026-03,Pedestrian Stop,15
A009,2026-03,Property Offense,158
A009,2026-03,Public Order Offense,154
A009,2026-03,Vehicle Stop,387
A009,2026-03,Warrant,33
A009,2026-04,Civil Caretaking,302
A009,2026-04,Offense Against Person,69
A009,2026-04,Other,377
A009,2026-04,Pedestrian Stop,14
A009,2026-04,Property Offense,155
A009,2026-04,Public Order Offense,167
A009,2026-04,Vehicle Stop,437
A009,2026-04,Warrant,42
A009,2026-05,Civil Caretaking,195
A009,2026-05,Offense Against Person,76
A009,2026-05,Other,337
A009,2026-05,Pedestrian Stop,15
A009,2026-05,Property Offense,114
A009,2026-05,Public Order Offense,113
A009,2026-05,Vehicle Stop,297
A009,2026-05,Warrant,29
A009,2026-06,Civil Caretaking,121
A009,2026-06,Offense Against Person,43
A009,2026-06,Other,206
A009,2026-06,Pedestrian Stop,15
A009,2026-06,Property Offense,107
A009,2026-06,Public Order Offense,77
A009,2026-06,Vehicle Stop,171
A009,2026-06,Warrant,22
A010,2019-01,Civil Caretaking,397
A010,2019-01,Offense Against Person,41
A010,2019-01,Other,388
A010,2019-01,Pedestrian Stop,46
A010,2019-01,Property Offense,230
A010,2019-01,Public Order Offense,125
A010,2019-01,Vehicle Stop,104
A010,2019-01,Warrant,8
A010,2019-02,Civil Caretaking,391
A010,2019-02,Offense Against Person,49
A010,2019-02,Other,361
A010,2019-02,Pedestrian Stop,59
A010,2019-02,Property Offense,201
A010,2019-02,Public Order Offense,179
A010,2019-02,Vehicle Stop,131
A010,2019-02,Warrant,16
A010,2019-03,Civil Caretaking,400
A010,2019-03,Offense Against Person,44
A010,2019-03,Other,372
A010,2019-03,Pedestrian Stop,62
A010,2019-03,Property Offense,189
A010,2019-03,Public Order Offense,157
A010,2019-03,Vehicle Stop,121
A010,2019-03,Warrant,14
A010,2019-04,Civil Caretaking,351
A010,2019-04,Offense Against Person,42
A010,2019-04,Other,327
A010,2019-04,Pedestrian Stop,46
A010,2019-04,Property Offense,192
A010,2019-04,Public Order Offense,160
A010,2019-04,Vehicle Stop,118
A010,2019-04,Warrant,10
A010,2019-05,Civil Caretaking,249
A010,2019-05,Offense Against Person,25
A010,2019-05,Other,239
A010,2019-05,Pedestrian Stop,41
A010,2019-05,Property Offense,122
A010,2019-05,Public Order Offense,100
A010,2019-05,Vehicle Stop,77
A010,2019-05,Warrant,4
A010,2019-06,Civil Caretaking,203
A010,2019-06,Offense Against Person,12
A010,2019-06,Other,198
A010,2019-06,Pedestrian Stop,36
A010,2019-06,Property Offense,112
A010,2019-06,Public Order Offense,81
A010,2019-06,Vehicle Stop,63
A010,2019-06,Warrant,5
A010,2019-07,Civil Caretaking,187
A010,2019-07,Offense Against Person,23
A010,2019-07,Other,189
A010,2019-07,Pedestrian Stop,29
A010,2019-07,Property Offense,105
A010,2019-07,Public Order Offense,103
A010,2019-07,Vehicle Stop,63
A010,2019-07,Warrant,6
A010,2019-08,Civil Caretaking,343
A010,2019-08,Offense Against Person,36
A010,2019-08,Other,352
A010,2019-08,Pedestrian Stop,38
A010,2019-08,Property Offense,140
A010,2019-08,Public Order Offense,139
A010,2019-08,Vehicle Stop,83
A010,2019-08,Warrant,11
A010,2019-09,Civil Caretaking,467
A010,2019-09,Offense Against Person,48
A010,2019-09,Other,474
A010,2019-09,Pedestrian Stop,79
A010,2019-09,Property Offense,288
A010,2019-09,Public Order Offense,211
A010,2019-09,Vehicle Stop,143
A010,2019-09,Warrant,13
A010,2019-10,Civil Caretaking,449
A010,2019-10,Offense Against Person,57
A010,2019-10,Other,467
A010,2019-10,Pedestrian Stop,77
A010,2019-10,Property Offense,231
A010,2019-10,Public Order Offense,167
A010,2019-10,Vehicle Stop,128
A010,2019-10,Warrant,10
A010,2019-11,Civil Caretaking,466
A010,2019-11,Offense Against Person,35
A010,2019-11,Other,362
A010,2019-11,Pedestrian Stop,65
A010,2019-11,Property Offense,203
A010,2019-11,Public Order Offense,158
A010,2019-11,Vehicle Stop,95
A010,2019-11,Warrant,14
A010,2019-12,Civil Caretaking,298
A010,2019-12,Offense Against Person,36
A010,2019-12,Other,332
A010,2019-12,Pedestrian Stop,45
A010,2019-12,Property Offense,162
A010,2019-12,Public Order Offense,127
A010,2019-12,Vehicle Stop,90
A010,2019-12,Warrant,10
A010,2020-01,Civil Caretaking,379
A010,2020-01,Offense Against Person,38
A010,2020-01,Other,434
A010,2020-01,Pedestrian Stop,55
A010,2020-01,Property Offense,212
A010,2020-01,Public Order Offense,179
A010,2020-01,Vehicle Stop,97
A010,2020-01,Warrant,12
A010,2020-02,Civil Caretaking,438
A010,2020-02,Offense Against Person,38
A010,2020-02,Other,384
A010,2020-02,Pedestrian Stop,55
A010,2020-02,Property Offense,236
A010,2020-02,Public Order Offense,174
A010,2020-02,Vehicle Stop,132
A010,2020-02,Warrant,7
A010,2020-03,Civil Caretaking,373
A010,2020-03,Offense Against Person,40
A010,2020-03,Other,324
A010,2020-03,Pedestrian Stop,44
A010,2020-03,Property Offense,186
A010,2020-03,Public Order Offense,165
A010,2020-03,Vehicle Stop,106
A010,2020-03,Warrant,11
A010,2020-04,Civil Caretaking,396
A010,2020-04,Offense Against Person,53
A010,2020-04,Other,357
A010,2020-04,Pedestrian Stop,50
A010,2020-04,Property Offense,172
A010,2020-04,Public Order Offense,183
A010,2020-04,Vehicle Stop,111
A010,2020-04,Warrant,7
A010,2020-05,Civil Caretaking,222
A010,2020-05,Offense Against Person,36
A010,2020-05,Other,247
A010,2020-05,Pedestrian Stop,40
A010,2020-05,Property Offense,114
A010,2020-05,Public Order Offense,92
A010,2020-05,Vehicle Stop,82
A010,2020-05,Warrant,8
A010,2020-06,Civil Caretaking,227
A010,2020-06,Offense Against Person,21
A010,2020-06,Other,209
A010,2020-06,Pedestrian Stop,26
A010,2020-06,Property Offense,125
A010,2020-06,Public Order Offense,74
A010,2020-06,Vehicle Stop,40
A010,2020-06,Warrant,4
A010,2020-07,Civil Caretaking,214
A010,2020-07,Offense Against Person,19
A010,2020-07,Other,159
A010,2020-07,Pedestrian Stop,29
A010,2020-07,Property Offense,112
A010,2020-07,Public Order Offense,77
A010,2020-07,Vehicle Stop,58
A010,2020-07,Warrant,7
A010,2020-08,Civil Caretaking,281
A010,2020-08,Offense Against Person,33
A010,2020-08,Other,306
A010,2020-08,Pedestrian Stop,35
A010,2020-08,Property Offense,179
A010,2020-08,Public Order Offense,142
A010,2020-08,Vehicle Stop,84
A010,2020-08,Warrant,13
A010,2020-09,Civil Caretaking,518
A010,2020-09,Offense Against Person,54
A010,2020-09,Other,514
A010,2020-09,Pedestrian Stop,69
A010,2020-09,Property Offense,241
A010,2020-09,Public Order Offense,192
A010,2020-09,Vehicle Stop,151
A010,2020-09,Warrant,16
A010,2020-10,Civil Caretaking,480
A010,2020-10,Offense Against Person,54
A010,2020-10,Other,473
A010,2020-10,Pedestrian Stop,61
A010,2020-10,Property Offense,268
A010,2020-10,Public Order Offense,182
A010,2020-10,Vehicle Stop,138
A010,2020-10,Warrant,13
A010,2020-11,Civil Caretaking,400
A010,2020-11,Offense Against Person,42
A010,2020-11,Other,410
A010,2020-11,Pedestrian Stop,56
A010,2020-11,Property Offense,206
A010,2020-11,Public Order Offense,251
A010,2020-11,Vehicle Stop,134
A010,2020-11,Warrant,18
A010,2020-12,Civil Caretaking,331
A010,2020-12,Offense Against Person,29
A010,2020-12,Other,326
A010,2020-12,Pedestrian Stop,48
A010,2020-12,Property Offense,160
A010,2020-12,Public Order Offense,146
A010,2020-12,Vehicle Stop,93
A010,2020-12,Warrant,10
A010,2021-01,Civil Caretaking,440
A010,2021-01,Offense Against Person,35
A010,2021-01,Other,370
A010,2021-01,Pedestrian Stop,53
A010,2021-01,Property Offense,232
A010,2021-01,Public Order Offense,169
A010,2021-01,Vehicle Stop,109
A010,2021-01,Warrant,5
A010,2021-02,Civil Caretaking,427
A010,2021-02,Offense Against Person,44
A010,2021-02,Other,374
A010,2021-02,Pedestrian Stop,66
A010,2021-02,Property Offense,209
A010,2021-02,Public Order Offense,181
A010,2021-02,Vehicle Stop,123
A010,2021-02,Warrant,16
A010,2021-03,Civil Caretaking,312
A010,2021-03,Offense Against Person,38
A010,2021-03,Other,393
A010,2021-03,Pedestrian Stop,46
A010,2021-03,Property Offense,200
A010,2021-03,Public Order Offense,174
A010,2021-03,Vehicle Stop,97
A010,2021-03,Warrant,14
A010,2021-04,Civil Caretaking,376
A010,2021-04,Offense Against Person,42
A010,2021-04,Other,364
A010,2021-04,Pedestrian Stop,57
A010,2021-04,Property Offense,168
A010,2021-04,Public Order Offense,134
A010,2021-04,Vehicle Stop,105
A010,2021-04,Warrant,15
A010,2021-05,Civil Caretaking,260
A010,2021-05,Offense Against Person,34
A010,2021-05,Other,252
A010,2021-05,Pedestrian Stop,36
A010,2021-05,Property Offense,146
A010,2021-05,Public Order Offense,115
A010,2021-05,Vehicle Stop,68
A010,2021-05,Warrant,15
A010,2021-06,Civil Caretaking,209
A010,2021-06,Offense Against Person,13
A010,2021-06,Other,220
A010,2021-06,Pedestrian Stop,25
A010,2021-06,Property Offense,100
A010,2021-06,Public Order Offense,116
A010,2021-06,Vehicle Stop,56
A010,2021-06,Warrant,9
A010,2021-07,Civil Caretaking,202
A010,2021-07,Offense Against Person,22
A010,2021-07,Other,194
A010,2021-07,Pedestrian Stop,22
A010,2021-07,Property Offense,95
A010,2021-07,Public Order Offense,77
A010,2021-07,Vehicle Stop,46
A010,2021-07,Warrant,9
A010,2021-08,Civil Caretaking,307
A010,2021-08,Offense Against Person,36
A010,2021-08,Other,281
A010,2021-08,Pedestrian Stop,55
A010,2021-08,Property Offense,155
A010,2021-08,Public Order Offense,165
A010,2021-08,Vehicle Stop,89
A010,2021-08,Warrant,8
A010,2021-09,Civil Caretaking,460
A010,2021-09,Offense Against Person,55
A010,2021-09,Other,460
A010,2021-09,Pedestrian Stop,92
A010,2021-09,Property Offense,281
A010,2021-09,Public Order Offense,194
A010,2021-09,Vehicle Stop,152
A010,2021-09,Warrant,16
A010,2021-10,Civil Caretaking,502
A010,2021-10,Offense Against Person,54
A010,2021-10,Other,521
A010,2021-10,Pedestrian Stop,67
A010,2021-10,Property Offense,249
A010,2021-10,Public Order Offense,177
A010,2021-10,Vehicle Stop,145
A010,2021-10,Warrant,17
A010,2021-11,Civil Caretaking,410
A010,2021-11,Offense Against Person,53
A010,2021-11,Other,408
A010,2021-11,Pedestrian Stop,68
A010,2021-11,Property Offense,233
A010,2021-11,Public Order Offense,180
A010,2021-11,Vehicle Stop,115
A010,2021-11,Warrant,18
A010,2021-12,Civil Caretaking,334
A010,2021-12,Offense Against Person,42
A010,2021-12,Other,283
A010,2021-12,Pedestrian Stop,50
A010,2021-12,Property Offense,172
A010,2021-12,Public Order Offense,133
A010,2021-12,Vehicle Stop,88
A010,2021-12,Warrant,10
A010,2022-01,Civil Caretaking,489
A010,2022-01,Offense Against Person,40
A010,2022-01,Other,371
A010,2022-01,Pedestrian Stop,50
A010,2022-01,Property Offense,188
A010,2022-01,Public Order Offense,177
A010,2022-01,Vehicle Stop,116
A010,2022-01,Warrant,17
A010,2022-02,Civil Caretaking,385
A010,2022-02,Offense Against Person,39
A010,2022-02,Other,418
A010,2022-02,Pedestrian Stop,54
A010,2022-02,Property Offense,221
A010,2022-02,Public Order Offense,189
A010,2022-02,Vehicle Stop,132
A010,2022-02,Warrant,14
A010,2022-03,Civil Caretaking,351
A010,2022-03,Offense Against Person,49
A010,2022-03,Other,428
A010,2022-03,Pedestrian Stop,52
A010,2022-03,Property Offense,230
A010,2022-03,Public Order Offense,148
A010,2022-03,Vehicle Stop,115
A010,2022-03,Warrant,15
A010,2022-04,Civil Caretaking,421
A010,2022-04,Offense Against Person,44
A010,2022-04,Other,363
A010,2022-04,Pedestrian Stop,48
A010,2022-04,Property Offense,221
A010,2022-04,Public Order Offense,178
A010,2022-04,Vehicle Stop,134
A010,2022-04,Warrant,7
A010,2022-05,Civil Caretaking,296
A010,2022-05,Offense Against Person,29
A010,2022-05,Other,286
A010,2022-05,Pedestrian Stop,31
A010,2022-05,Property Offense,137
A010,2022-05,Public Order Offense,130
A010,2022-05,Vehicle Stop,74
A010,2022-05,Warrant,10
A010,2022-06,Civil Caretaking,209
A010,2022-06,Offense Against Person,16
A010,2022-06,Other,181
A010,2022-06,Pedestrian Stop,24
A010,2022-06,Property Offense,116
A010,2022-06,Public Order Offense,89
A010,2022-06,Vehicle Stop,71
A010,2022-06,Warrant,5
A010,2022-07,Civil Caretaking,197
A010,2022-07,Offense Against Person,27
A010,2022-07,Other,205
A010,2022-07,Pedestrian Stop,35
A010,2022-07,Property Offense,92
A010,2022-07,Public Order Offense,94
A010,2022-07,Vehicle Stop,67
A010,2022-07,Warrant,5
A010,2022-08,Civil Caretaking,369
A010,2022-08,Offense Against Person,30
A010,2022-08,Other,367
A010,2022-08,Pedestrian Stop,37
A010,2022-08,Property Offense,217
A010,2022-08,Public Order Offense,127
A010,2022-08,Vehicle Stop,112
A010,2022-08,Warrant,11
A010,2022-09,Civil Caretaking,562
A010,2022-09,Offense Against Person,50
A010,2022-09,Other,540
A010,2022-09,Pedestrian Stop,78
A010,2022-09,Property Offense,282
A010,2022-09,Public Order Offense,270
A010,2022-09,Vehicle Stop,159
A010,2022-09,Warrant,17
A010,2022-10,Civil Caretaking,506
A010,2022-10,Offense Against Person,57
A010,2022-10,Other,509
A010,2022-10,Pedestrian Stop,76
A010,2022-10,Property Offense,237
A010,2022-10,Public Order Offense,189
A010,2022-10,Vehicle Stop,126
A010,2022-10,Warrant,24
A010,2022-11,Civil Caretaking,352
A010,2022-11,Offense Against Person,56
A010,2022-11,Other,431
A010,2022-11,Pedestrian Stop,60
A010,2022-11,Property Offense,194
A010,2022-11,Public Order Offense,196
A010,2022-11,Vehicle Stop,105
A010,2022-11,Warrant,14
A010,2022-12,Civil Caretaking,328
A010,2022-12,Offense Against Person,40
A010,2022-12,Other,336
A010,2022-12,Pedestrian Stop,41
A010,2022-12,Property Offense,204
A010,2022-12,Public Order Offense,115
A010,2022-12,Vehicle Stop,98
A010,2022-12,Warrant,14
A010,2023-01,Civil Caretaking,421
A010,2023-01,Offense Against Person,43
A010,2023-01,Other,399
A010,2023-01,Pedestrian Stop,51
A010,2023-01,Property Offense,222
A010,2023-01,Public Order Offense,162
A010,2023-01,Vehicle Stop,121
A010,2023-01,Warrant,16
A010,2023-02,Civil Caretaking,408
A010,2023-02,Offense Against Person,42
A010,2023-02,Other,448
A010,2023-02,Pedestrian Stop,61
A010,2023-02,Property Offense,222
A010,2023-02,Public Order Offense,200
A010,2023-02,Vehicle Stop,107
A010,2023-02,Warrant,17
A010,2023-03,Civil Caretaking,395
A010,2023-03,Offense Against Person,46
A010,2023-03,Other,413
A010,2023-03,Pedestrian Stop,52
A010,2023-03,Property Offense,200
A010,2023-03,Public Order Offense,181
A010,2023-03,Vehicle Stop,131
A010,2023-03,Warrant,16
A010,2023-04,Civil Caretaking,436
A010,2023-04,Offense Against Person,38
A010,2023-04,Other,420
A010,2023-04,Pedestrian Stop,55
A010,2023-04,Property Offense,207
A010,2023-04,Public Order Offense,166
A010,2023-04,Vehicle Stop,101
A010,2023-04,Warrant,12
A010,2023-05,Civil Caretaking,296
A010,2023-05,Offense Against Person,29
A010,2023-05,Other,290
A010,2023-05,Pedestrian Stop,34
A010,2023-05,Property Offense,128
A010,2023-05,Public Order Offense,125
A010,2023-05,Vehicle Stop,72
A010,2023-05,Warrant,5
A010,2023-06,Civil Caretaking,235
A010,2023-06,Offense Against Person,24
A010,2023-06,Other,227
A010,2023-06,Pedestrian Stop,29
A010,2023-06,Property Offense,108
A010,2023-06,Public Order Offense,93
A010,2023-06,Vehicle Stop,72
A010,2023-06,Warrant,9
A010,2023-07,Civil Caretaking,220
A010,2023-07,Offense Against Person,18
A010,2023-07,Other,191
A010,2023-07,Pedestrian Stop,40
A010,2023-07,Property Offense,99
A010,2023-07,Public Order Offense,82
A010,2023-07,Vehicle Stop,70
A010,2023-07,Warrant,7
A010,2023-08,Civil Caretaking,343
A010,2023-08,Offense Against Person,47
A010,2023-08,Other,332
A010,2023-08,Pedestrian Stop,35
A010,2023-08,Property Offense,173
A010,2023-08,Public Order Offense,119
A010,2023-08,Vehicle Stop,92
A010,2023-08,Warrant,11
A010,2023-09,Civil Caretaking,536
A010,2023-09,Offense Against Person,55
A010,2023-09,Other,562
A010,2023-09,Pedestrian Stop,79
A010,2023-09,Property Offense,272
A010,2023-09,Public Order Offense,206
A010,2023-09,Vehicle Stop,177
A010,2023-09,Warrant,5
A010,2023-10,Civil Caretaking,531
A010,2023-10,Offense Against Person,52
A010,2023-10,Other,535
A010,2023-10,Pedestrian Stop,86
A010,2023-10,Property Offense,235
A010,2023-10,Public Order Offense,215
A010,2023-10,Vehicle Stop,115
A010,2023-10,Warrant,15
A010,2023-11,Civil Caretaking,389
A010,2023-11,Offense Against Person,36
A010,2023-11,Other,356
A010,2023-11,Pedestrian Stop,66
A010,2023-11,Property Offense,222
A010,2023-11,Public Order Offense,153
A010,2023-11,Vehicle Stop,107
A010,2023-11,Warrant,10
A010,2023-12,Civil Caretaking,381
A010,2023-12,Offense Against Person,33
A010,2023-12,Other,326
A010,2023-12,Pedestrian Stop,44
A010,2023-12,Property Offense,165
A010,2023-12,Public Order Offense,140
A010,2023-12,Vehicle Stop,90
A010,2023-12,Warrant,12
A010,2024-01,Civil Caretaking,381
A010,2024-01,Offense Against Person,42
A010,2024-01,Other,406
A010,2024-01,Pedestrian Stop,71
A010,2024-01,Property Offense,195
A010,2024-01,Public Order Offense,155
A010,2024-01,Vehicle Stop,125
A010,2024-01,Warrant,19
A010,2024-02,Civil Caretaking,413
A010,2024-02,Offense Against Person,37
A010,2024-02,Other,389
A010,2024-02,Pedestrian Stop,45
A010,2024-02,Property Offense,205
A010,2024-02,Public Order Offense,183
A010,2024-02,Vehicle Stop,132
A010,2024-02,Warrant,10
A010,2024-03,Civil Caretaking,376
A010,2024-03,Offense Against Person,41
A010,2024-03,Other,372
A010,2024-03,Pedestrian Stop,50
A010,2024-03,Property Offense,180
A010,2024-03,Public Order Offense,183
A010,2024-03,Vehicle Stop,133
A010,2024-03,Warrant,8
A010,2024-04,Civil Caretaking,366
A010,2024-04,Offense Against Person,36
A010,2024-04,Other,374
A010,2024-04,Pedestrian Stop,53
A010,2024-04,Property Offense,206
A010,2024-04,Public Order Offense,164
A010,2024-04,Vehicle Stop,107
A010,2024-04,Warrant,11
A010,2024-05,Civil Caretaking,293
A010,2024-05,Offense Against Person,28
A010,2024-05,Other,299
A010,2024-05,Pedestrian Stop,41
A010,2024-05,Property Offense,120
A010,2024-05,Public Order Offense,128
A010,2024-05,Vehicle Stop,101
A010,2024-05,Warrant,9
A010,2024-06,Civil Caretaking,226
A010,2024-06,Offense Against Person,23
A010,2024-06,Other,201
A010,2024-06,Pedestrian Stop,29
A010,2024-06,Property Offense,121
A010,2024-06,Public Order Offense,80
A010,2024-06,Vehicle Stop,67
A010,2024-06,Warrant,3
A010,2024-07,Civil Caretaking,224
A010,2024-07,Offense Against Person,13
A010,2024-07,Other,206
A010,2024-07,Pedestrian Stop,29
A010,2024-07,Property Offense,120
A010,2024-07,Public Order Offense,101
A010,2024-07,Vehicle Stop,50
A010,2024-07,Warrant,12
A010,2024-08,Civil Caretaking,350
A010,2024-08,Offense Against Person,41
A010,2024-08,Other,305
A010,2024-08,Pedestrian Stop,52
A010,2024-08,Property Offense,164
A010,2024-08,Public Order Offense,132
A010,2024-08,Vehicle Stop,89
A010,2024-08,Warrant,10
A010,2024-09,Civil Caretaking,557
A010,2024-09,Offense Against Person,60
A010,2024-09,Other,571
A010,2024-09,Pedestrian Stop,83
A010,2024-09,Property Offense,294
A010,2024-09,Public Order Offense,244
A010,2024-09,Vehicle Stop,132
A010,2024-09,Warrant,9
A010,2024-10,Civil Caretaking,574
A010,2024-10,Offense Against Person,53
A010,2024-10,Other,471
A010,2024-10,Pedestrian Stop,55
A010,2024-10,Property Offense,269
A010,2024-10,Public Order Offense,241
A010,2024-10,Vehicle Stop,135
A010,2024-10,Warrant,11
A010,2024-11,Civil Caretaking,391
A010,2024-11,Offense Against Person,44
A010,2024-11,Other,455
A010,2024-11,Pedestrian Stop,60
A010,2024-11,Property Offense,235
A010,2024-11,Public Order Offense,178
A010,2024-11,Vehicle Stop,113
A010,2024-11,Warrant,13
A010,2024-12,Civil Caretaking,354
A010,2024-12,Offense Against Person,34
A010,2024-12,Other,348
A010,2024-12,Pedestrian Stop,45
A010,2024-12,Property Offense,186
A010,2024-12,Public Order Offense,152
A010,2024-12,Vehicle Stop,98
A010,2024-12,Warrant,5
A010,2025-01,Civil Caretaking,403
A010,2025-01,Offense Against Person,38
A010,2025-01,Other,452
A010,2025-01,Pedestrian Stop,76
A010,2025-01,Property Offense,219
A010,2025-01,Public Order Offense,171
A010,2025-01,Vehicle Stop,129
A010,2025-01,Warrant,9
A010,2025-02,Civil Caretaking,391
A010,2025-02,Offense Against Person,43
A010,2025-02,Other,446
A010,2025-02,Pedestrian Stop,61
A010,2025-02,Property Offense,251
A010,2025-02,Public Order Offense,211
A010,2025-02,Vehicle Stop,102
A010,2025-02,Warrant,22
A010,2025-03,Civil Caretaking,423
A010,2025-03,Offense Against Person,48
A010,2025-03,Other,400
A010,2025-03,Pedestrian Stop,62
A010,2025-03,Property Offense,210
A010,2025-03,Public Order Offense,167
A010,2025-03,Vehicle Stop,128
A010,2025-03,Warrant,18
A010,2025-04,Civil Caretaking,376
A010,2025-04,Offense Against Person,43
A010,2025-04,Other,364
A010,2025-04,Pedestrian Stop,51
A010,2025-04,Property Offense,203
A010,2025-04,Public Order Offense,179
A010,2025-04,Vehicle Stop,137
A010,2025-04,Warrant,14
A010,2025-05,Civil Caretaking,320
A010,2025-05,Offense Against Person,23
A010,2025-05,Other,244
A010,2025-05,Pedestrian Stop,51
A010,2025-05,Property Offense,146
A010,2025-05,Public Order Offense,108
A010,2025-05,Vehicle Stop,79
A010,2025-05,Warrant,10
A010,2025-06,Civil Caretaking,223
A010,2025-06,Offense Against Person,20
A010,2025-06,Other,205
A010,2025-06,Pedestrian Stop,36
A010,2025-06,Property Offense,110
A010,2025-06,Public Order Offense,81
A010,2025-06,Vehicle Stop,62
A010,2025-06,Warrant,7
A010,2025-07,Civil Caretaking,197
A010,2025-07,Offense Against Person,22
A010,2025-07,Other,210
A010,2025-07,Pedestrian Stop,27
A010,2025-07,Property Offense,104
A010,2025-07,Public Order Offense,80
A010,2025-07,Vehicle Stop,62
A010,2025-07,Warrant,7
A010,2025-08,Civil Caretaking,366
A010,2025-08,Offense Against Person,34
A010,2025-08,Other,328
A010,2025-08,Pedestrian Stop,51
A010,2025-08,Property Offense,171
A010,2025-08,Public Order Offense,173
A010,2025-08,Vehicle Stop,81
A010,2025-08,Warrant,12
A010,2025-09,Civil Caretaking,628
A010,2025-09,Offense Against Person,73
A010,2025-09,Other,512
A010,2025-09,Pedestrian Stop,80
A010,2025-09,Property Offense,241
A010,2025-09,Public Order Offense,235
A010,2025-09,Vehicle Stop,172
A010,2025-09,Warrant,18
A010,2025-10,Civil Caretaking,580
A010,2025-10,Offense Against Person,55
A010,2025-10,Other,543
A010,2025-10,Pedestrian Stop,81
A010,2025-10,Property Offense,279
A010,2025-10,Public Order Offense,192
A010,2025-10,Vehicle Stop,158
A010,2025-10,Warrant,10
A010,2025-11,Civil Caretaking,443
A010,2025-11,Offense Against Person,50
A010,2025-11,Other,465
A010,2025-11,Pedestrian Stop,71
A010,2025-11,Property Offense,224
A010,2025-11,Public Order Offense,165
A010,2025-11,Vehicle Stop,135
A010,2025-11,Warrant,11
A010,2025-12,Civil Caretaking,391
A010,2025-12,Offense Against Person,38
A010,2025-12,Other,372
A010,2025-12,Pedestrian Stop,62
A010,2025-12,Property Offense,171
A010,2025-12,Public Order Offense,164
A010,2025-12,Vehicle Stop,109
A010,2025-12,Warrant,9
A010,2026-01,Civil Caretaking,422
A010,2026-01,Offense Against Person,53
A010,2026-01,Other,444
A010,2026-01,Pedestrian Stop,51
A010,2026-01,Property Offense,196
A010,2026-01,Public Order Offense,189
A010,2026-01,Vehicle Stop,120
A010,2026-01,Warrant,14
A010,2026-02,Civil Caretaking,382
A010,2026-02,Offense Against Person,49
A010,2026-02,Other,500
A010,2026-02,Pedestrian Stop,70
A010,2026-02,Property Offense,293
A010,2026-02,Public Order Offense,193
A010,2026-02,Vehicle Stop,122
A010,2026-02,Warrant,18
A010,2026-03,Civil Caretaking,422
A010,2026-03,Offense Against Person,48
A010,2026-03,Other,443
A010,2026-03,Pedestrian Stop,50
A010,2026-03,Property Offense,214
A010,2026-03,Public Order Offense,172
A010,2026-03,Vehicle Stop,111
A010,2026-03,Warrant,7
A010,2026-04,Civil Caretaking,446
A010,2026-04,Offense Against Person,43
A010,2026-04,Other,358
A010,2026-04,Pedestrian Stop,68
A010,2026-04,Property Offense,240
A010,2026-04,Public Order Offense,159
A010,2026-04,Vehicle Stop,113
A010,2026-04,Warrant,6
A010,2026-05,Civil Caretaking,193
A010,2026-05,Offense Against Person,27
A010,2026-05,Other,195
A010,2026-05,Pedestrian Stop,29
A010,2026-05,Property Offense,123
A010,2026-05,Public Order Offense,74
A010,2026-05,Vehicle Stop,49
A010,2026-05,Warrant,6
A010,2026-06,Civil Caretaking,116
A010,2026-06,Offense Against Person,11
A010,2026-06,Other,102
A010,2026-06,Pedestrian Stop,7
A010,2026-06,Property Offense,50
A010,2026-06,Public Order Offense,36
A010,2026-06,Vehicle Stop,23
A010,2026-06,Warrant,3
A011,2019-01,Civil Caretaking,129
A011,2019-01,Offense Against Person,26
A011,2019-01,Other,102
A011,2019-01,Pedestrian Stop,11
A011,2019-01,Property Offense,52
A011,2019-01,Public Order Offense,62
A011,2019-01,Vehicle Stop,76
A011,2019-01,Warrant,5
A011,2019-02,Civil Caretaking,103
A011,2019-02,Offense Against Person,29
A011,2019-02,Other,107
A011,2019-02,Pedestrian Stop,7
A011,2019-02,Property Offense,53
A011,2019-02,Public Order Offense,47
A011,2019-02,Vehicle Stop,64
A011,2019-02,Warrant,10
A011,2019-03,Civil Caretaking,136
A011,2019-03,Offense Against Person,35
A011,2019-03,Other,87
A011,2019-03,Pedestrian Stop,7
A011,2019-03,Property Offense,43
A011,2019-03,Public Order Offense,49
A011,2019-03,Vehicle Stop,63
A011,2019-03,Warrant,14
A011,2019-04,Civil Caretaking,117
A011,2019-04,Offense Against Person,30
A011,2019-04,Other,125
A011,2019-04,Pedestrian Stop,10
A011,2019-04,Property Offense,42
A011,2019-04,Public Order Offense,64
A011,2019-04,Vehicle Stop,74
A011,2019-04,Warrant,8
A011,2019-05,Civil Caretaking,128
A011,2019-05,Offense Against Person,30
A011,2019-05,Other,104
A011,2019-05,Pedestrian Stop,11
A011,2019-05,Property Offense,33
A011,2019-05,Public Order Offense,53
A011,2019-05,Vehicle Stop,70
A011,2019-05,Warrant,13
A011,2019-06,Civil Caretaking,122
A011,2019-06,Offense Against Person,35
A011,2019-06,Other,115
A011,2019-06,Pedestrian Stop,6
A011,2019-06,Property Offense,34
A011,2019-06,Public Order Offense,71
A011,2019-06,Vehicle Stop,79
A011,2019-06,Warrant,12
A011,2019-07,Civil Caretaking,116
A011,2019-07,Offense Against Person,46
A011,2019-07,Other,97
A011,2019-07,Pedestrian Stop,8
A011,2019-07,Property Offense,57
A011,2019-07,Public Order Offense,65
A011,2019-07,Vehicle Stop,114
A011,2019-07,Warrant,11
A011,2019-08,Civil Caretaking,79
A011,2019-08,Offense Against Person,42
A011,2019-08,Other,125
A011,2019-08,Pedestrian Stop,6
A011,2019-08,Property Offense,47
A011,2019-08,Public Order Offense,75
A011,2019-08,Vehicle Stop,103
A011,2019-08,Warrant,9
A011,2019-09,Civil Caretaking,118
A011,2019-09,Offense Against Person,34
A011,2019-09,Other,127
A011,2019-09,Pedestrian Stop,12
A011,2019-09,Property Offense,37
A011,2019-09,Public Order Offense,67
A011,2019-09,Vehicle Stop,78
A011,2019-09,Warrant,4
A011,2019-10,Civil Caretaking,112
A011,2019-10,Offense Against Person,34
A011,2019-10,Other,100
A011,2019-10,Pedestrian Stop,10
A011,2019-10,Property Offense,33
A011,2019-10,Public Order Offense,63
A011,2019-10,Vehicle Stop,92
A011,2019-10,Warrant,6
A011,2019-11,Civil Caretaking,150
A011,2019-11,Offense Against Person,28
A011,2019-11,Other,119
A011,2019-11,Pedestrian Stop,5
A011,2019-11,Property Offense,46
A011,2019-11,Public Order Offense,55
A011,2019-11,Vehicle Stop,76
A011,2019-11,Warrant,11
A011,2019-12,Civil Caretaking,125
A011,2019-12,Offense Against Person,29
A011,2019-12,Other,97
A011,2019-12,Pedestrian Stop,8
A011,2019-12,Property Offense,40
A011,2019-12,Public Order Offense,45
A011,2019-12,Vehicle Stop,78
A011,2019-12,Warrant,5
A011,2020-01,Civil Caretaking,117
A011,2020-01,Offense Against Person,23
A011,2020-01,Other,90
A011,2020-01,Pedestrian Stop,9
A011,2020-01,Property Offense,47
A011,2020-01,Public Order Offense,54
A011,2020-01,Vehicle Stop,75
A011,2020-01,Warrant,9
A011,2020-02,Civil Caretaking,131
A011,2020-02,Offense Against Person,21
A011,2020-02,Other,102
A011,2020-02,Pedestrian Stop,4
A011,2020-02,Property Offense,46
A011,2020-02,Public Order Offense,59
A011,2020-02,Vehicle Stop,64
A011,2020-02,Warrant,15
A011,2020-03,Civil Caretaking,119
A011,2020-03,Offense Against Person,23
A011,2020-03,Other,101
A011,2020-03,Pedestrian Stop,5
A011,2020-03,Property Offense,38
A011,2020-03,Public Order Offense,55
A011,2020-03,Vehicle Stop,93
A011,2020-03,Warrant,11
A011,2020-04,Civil Caretaking,128
A011,2020-04,Offense Against Person,26
A011,2020-04,Other,97
A011,2020-04,Pedestrian Stop,12
A011,2020-04,Property Offense,37
A011,2020-04,Public Order Offense,61
A011,2020-04,Vehicle Stop,70
A011,2020-04,Warrant,11
A011,2020-05,Civil Caretaking,109
A011,2020-05,Offense Against Person,39
A011,2020-05,Other,110
A011,2020-05,Pedestrian Stop,8
A011,2020-05,Property Offense,49
A011,2020-05,Public Order Offense,83
A011,2020-05,Vehicle Stop,72
A011,2020-05,Warrant,10
A011,2020-06,Civil Caretaking,130
A011,2020-06,Offense Against Person,41
A011,2020-06,Other,108
A011,2020-06,Pedestrian Stop,9
A011,2020-06,Property Offense,59
A011,2020-06,Public Order Offense,92
A011,2020-06,Vehicle Stop,93
A011,2020-06,Warrant,15
A011,2020-07,Civil Caretaking,130
A011,2020-07,Offense Against Person,39
A011,2020-07,Other,104
A011,2020-07,Pedestrian Stop,8
A011,2020-07,Property Offense,58
A011,2020-07,Public Order Offense,72
A011,2020-07,Vehicle Stop,90
A011,2020-07,Warrant,7
A011,2020-08,Civil Caretaking,106
A011,2020-08,Offense Against Person,39
A011,2020-08,Other,121
A011,2020-08,Pedestrian Stop,12
A011,2020-08,Property Offense,39
A011,2020-08,Public Order Offense,62
A011,2020-08,Vehicle Stop,101
A011,2020-08,Warrant,7
A011,2020-09,Civil Caretaking,142
A011,2020-09,Offense Against Person,36
A011,2020-09,Other,108
A011,2020-09,Pedestrian Stop,7
A011,2020-09,Property Offense,47
A011,2020-09,Public Order Offense,53
A011,2020-09,Vehicle Stop,84
A011,2020-09,Warrant,11
A011,2020-10,Civil Caretaking,111
A011,2020-10,Offense Against Person,25
A011,2020-10,Other,97
A011,2020-10,Pedestrian Stop,7
A011,2020-10,Property Offense,47
A011,2020-10,Public Order Offense,68
A011,2020-10,Vehicle Stop,94
A011,2020-10,Warrant,7
A011,2020-11,Civil Caretaking,114
A011,2020-11,Offense Against Person,30
A011,2020-11,Other,120
A011,2020-11,Pedestrian Stop,8
A011,2020-11,Property Offense,36
A011,2020-11,Public Order Offense,53
A011,2020-11,Vehicle Stop,80
A011,2020-11,Warrant,10
A011,2020-12,Civil Caretaking,121
A011,2020-12,Offense Against Person,30
A011,2020-12,Other,110
A011,2020-12,Pedestrian Stop,7
A011,2020-12,Property Offense,44
A011,2020-12,Public Order Offense,52
A011,2020-12,Vehicle Stop,98
A011,2020-12,Warrant,4
A011,2021-01,Civil Caretaking,114
A011,2021-01,Offense Against Person,23
A011,2021-01,Other,98
A011,2021-01,Pedestrian Stop,9
A011,2021-01,Property Offense,40
A011,2021-01,Public Order Offense,49
A011,2021-01,Vehicle Stop,89
A011,2021-01,Warrant,6
A011,2021-02,Civil Caretaking,116
A011,2021-02,Offense Against Person,19
A011,2021-02,Other,95
A011,2021-02,Pedestrian Stop,8
A011,2021-02,Property Offense,36
A011,2021-02,Public Order Offense,46
A011,2021-02,Vehicle Stop,77
A011,2021-02,Warrant,5
A011,2021-03,Civil Caretaking,122
A011,2021-03,Offense Against Person,44
A011,2021-03,Other,94
A011,2021-03,Pedestrian Stop,13
A011,2021-03,Property Offense,43
A011,2021-03,Public Order Offense,59
A011,2021-03,Vehicle Stop,78
A011,2021-03,Warrant,5
A011,2021-04,Civil Caretaking,133
A011,2021-04,Offense Against Person,28
A011,2021-04,Other,112
A011,2021-04,Pedestrian Stop,9
A011,2021-04,Property Offense,44
A011,2021-04,Public Order Offense,61
A011,2021-04,Vehicle Stop,84
A011,2021-04,Warrant,12
A011,2021-05,Civil Caretaking,142
A011,2021-05,Offense Against Person,29
A011,2021-05,Other,102
A011,2021-05,Pedestrian Stop,9
A011,2021-05,Property Offense,35
A011,2021-05,Public Order Offense,79
A011,2021-05,Vehicle Stop,80
A011,2021-05,Warrant,9
A011,2021-06,Civil Caretaking,116
A011,2021-06,Offense Against Person,46
A011,2021-06,Other,91
A011,2021-06,Pedestrian Stop,15
A011,2021-06,Property Offense,41
A011,2021-06,Public Order Offense,67
A011,2021-06,Vehicle Stop,83
A011,2021-06,Warrant,10
A011,2021-07,Civil Caretaking,118
A011,2021-07,Offense Against Person,47
A011,2021-07,Other,137
A011,2021-07,Pedestrian Stop,10
A011,2021-07,Property Offense,52
A011,2021-07,Public Order Offense,68
A011,2021-07,Vehicle Stop,88
A011,2021-07,Warrant,8
A011,2021-08,Civil Caretaking,132
A011,2021-08,Offense Against Person,45
A011,2021-08,Other,154
A011,2021-08,Pedestrian Stop,7
A011,2021-08,Property Offense,55
A011,2021-08,Public Order Offense,75
A011,2021-08,Vehicle Stop,88
A011,2021-08,Warrant,14
A011,2021-09,Civil Caretaking,107
A011,2021-09,Offense Against Person,41
A011,2021-09,Other,115
A011,2021-09,Pedestrian Stop,11
A011,2021-09,Property Offense,58
A011,2021-09,Public Order Offense,67
A011,2021-09,Vehicle Stop,102
A011,2021-09,Warrant,17
A011,2021-10,Civil Caretaking,96
A011,2021-10,Offense Against Person,36
A011,2021-10,Other,113
A011,2021-10,Pedestrian Stop,3
A011,2021-10,Property Offense,52
A011,2021-10,Public Order Offense,56
A011,2021-10,Vehicle Stop,87
A011,2021-10,Warrant,10
A011,2021-11,Civil Caretaking,121
A011,2021-11,Offense Against Person,28
A011,2021-11,Other,105
A011,2021-11,Pedestrian Stop,5
A011,2021-11,Property Offense,55
A011,2021-11,Public Order Offense,58
A011,2021-11,Vehicle Stop,70
A011,2021-11,Warrant,9
A011,2021-12,Civil Caretaking,130
A011,2021-12,Offense Against Person,27
A011,2021-12,Other,108
A011,2021-12,Pedestrian Stop,2
A011,2021-12,Property Offense,31
A011,2021-12,Public Order Offense,51
A011,2021-12,Vehicle Stop,73
A011,2021-12,Warrant,7
A011,2022-01,Civil Caretaking,137
A011,2022-01,Offense Against Person,23
A011,2022-01,Other,112
A011,2022-01,Pedestrian Stop,5
A011,2022-01,Property Offense,40
A011,2022-01,Public Order Offense,40
A011,2022-01,Vehicle Stop,69
A011,2022-01,Warrant,10
A011,2022-02,Civil Caretaking,144
A011,2022-02,Offense Against Person,34
A011,2022-02,Other,111
A011,2022-02,Pedestrian Stop,7
A011,2022-02,Property Offense,43
A011,2022-02,Public Order Offense,56
A011,2022-02,Vehicle Stop,71
A011,2022-02,Warrant,10
A011,2022-03,Civil Caretaking,111
A011,2022-03,Offense Against Person,23
A011,2022-03,Other,96
A011,2022-03,Pedestrian Stop,3
A011,2022-03,Property Offense,37
A011,2022-03,Public Order Offense,60
A011,2022-03,Vehicle Stop,61
A011,2022-03,Warrant,12
A011,2022-04,Civil Caretaking,131
A011,2022-04,Offense Against Person,42
A011,2022-04,Other,110
A011,2022-04,Pedestrian Stop,8
A011,2022-04,Property Offense,33
A011,2022-04,Public Order Offense,62
A011,2022-04,Vehicle Stop,86
A011,2022-04,Warrant,9
A011,2022-05,Civil Caretaking,118
A011,2022-05,Offense Against Person,32
A011,2022-05,Other,117
A011,2022-05,Pedestrian Stop,13
A011,2022-05,Property Offense,48
A011,2022-05,Public Order Offense,97
A011,2022-05,Vehicle Stop,84
A011,2022-05,Warrant,9
A011,2022-06,Civil Caretaking,95
A011,2022-06,Offense Against Person,33
A011,2022-06,Other,142
A011,2022-06,Pedestrian Stop,16
A011,2022-06,Property Offense,53
A011,2022-06,Public Order Offense,83
A011,2022-06,Vehicle Stop,94
A011,2022-06,Warrant,12
A011,2022-07,Civil Caretaking,102
A011,2022-07,Offense Against Person,52
A011,2022-07,Other,95
A011,2022-07,Pedestrian Stop,9
A011,2022-07,Property Offense,57
A011,2022-07,Public Order Offense,70
A011,2022-07,Vehicle Stop,85
A011,2022-07,Warrant,16
A011,2022-08,Civil Caretaking,91
A011,2022-08,Offense Against Person,37
A011,2022-08,Other,122
A011,2022-08,Pedestrian Stop,8
A011,2022-08,Property Offense,54
A011,2022-08,Public Order Offense,79
A011,2022-08,Vehicle Stop,94
A011,2022-08,Warrant,14
A011,2022-09,Civil Caretaking,118
A011,2022-09,Offense Against Person,33
A011,2022-09,Other,114
A011,2022-09,Pedestrian Stop,8
A011,2022-09,Property Offense,67
A011,2022-09,Public Order Offense,71
A011,2022-09,Vehicle Stop,88
A011,2022-09,Warrant,15
A011,2022-10,Civil Caretaking,104
A011,2022-10,Offense Against Person,36
A011,2022-10,Other,119
A011,2022-10,Pedestrian Stop,10
A011,2022-10,Property Offense,68
A011,2022-10,Public Order Offense,47
A011,2022-10,Vehicle Stop,102
A011,2022-10,Warrant,10
A011,2022-11,Civil Caretaking,118
A011,2022-11,Offense Against Person,33
A011,2022-11,Other,118
A011,2022-11,Pedestrian Stop,8
A011,2022-11,Property Offense,53
A011,2022-11,Public Order Offense,57
A011,2022-11,Vehicle Stop,92
A011,2022-11,Warrant,12
A011,2022-12,Civil Caretaking,139
A011,2022-12,Offense Against Person,32
A011,2022-12,Other,97
A011,2022-12,Pedestrian Stop,3
A011,2022-12,Property Offense,36
A011,2022-12,Public Order Offense,52
A011,2022-12,Vehicle Stop,76
A011,2022-12,Warrant,2
A011,2023-01,Civil Caretaking,168
A011,2023-01,Offense Against Person,30
A011,2023-01,Other,107
A011,2023-01,Pedestrian Stop,7
A011,2023-01,Property Offense,57
A011,2023-01,Public Order Offense,39
A011,2023-01,Vehicle Stop,79
A011,2023-01,Warrant,9
A011,2023-02,Civil Caretaking,134
A011,2023-02,Offense Against Person,22
A011,2023-02,Other,129
A011,2023-02,Pedestrian Stop,6
A011,2023-02,Property Offense,41
A011,2023-02,Public Order Offense,34
A011,2023-02,Vehicle Stop,81
A011,2023-02,Warrant,9
A011,2023-03,Civil Caretaking,142
A011,2023-03,Offense Against Person,25
A011,2023-03,Other,87
A011,2023-03,Pedestrian Stop,3
A011,2023-03,Property Offense,38
A011,2023-03,Public Order Offense,56
A011,2023-03,Vehicle Stop,83
A011,2023-03,Warrant,8
A011,2023-04,Civil Caretaking,127
A011,2023-04,Offense Against Person,32
A011,2023-04,Other,107
A011,2023-04,Pedestrian Stop,7
A011,2023-04,Property Offense,36
A011,2023-04,Public Order Offense,51
A011,2023-04,Vehicle Stop,88
A011,2023-04,Warrant,10
A011,2023-05,Civil Caretaking,143
A011,2023-05,Offense Against Person,37
A011,2023-05,Other,133
A011,2023-05,Pedestrian Stop,16
A011,2023-05,Property Offense,35
A011,2023-05,Public Order Offense,82
A011,2023-05,Vehicle Stop,90
A011,2023-05,Warrant,10
A011,2023-06,Civil Caretaking,114
A011,2023-06,Offense Against Person,38
A011,2023-06,Other,134
A011,2023-06,Pedestrian Stop,5
A011,2023-06,Property Offense,44
A011,2023-06,Public Order Offense,80
A011,2023-06,Vehicle Stop,100
A011,2023-06,Warrant,8
A011,2023-07,Civil Caretaking,145
A011,2023-07,Offense Against Person,51
A011,2023-07,Other,123
A011,2023-07,Pedestrian Stop,7
A011,2023-07,Property Offense,40
A011,2023-07,Public Order Offense,74
A011,2023-07,Vehicle Stop,87
A011,2023-07,Warrant,11
A011,2023-08,Civil Caretaking,118
A011,2023-08,Offense Against Person,44
A011,2023-08,Other,115
A011,2023-08,Pedestrian Stop,10
A011,2023-08,Property Offense,59
A011,2023-08,Public Order Offense,84
A011,2023-08,Vehicle Stop,105
A011,2023-08,Warrant,15
A011,2023-09,Civil Caretaking,121
A011,2023-09,Offense Against Person,33
A011,2023-09,Other,112
A011,2023-09,Pedestrian Stop,6
A011,2023-09,Property Offense,53
A011,2023-09,Public Order Offense,73
A011,2023-09,Vehicle Stop,80
A011,2023-09,Warrant,12
A011,2023-10,Civil Caretaking,112
A011,2023-10,Offense Against Person,37
A011,2023-10,Other,115
A011,2023-10,Pedestrian Stop,11
A011,2023-10,Property Offense,68
A011,2023-10,Public Order Offense,63
A011,2023-10,Vehicle Stop,109
A011,2023-10,Warrant,12
A011,2023-11,Civil Caretaking,127
A011,2023-11,Offense Against Person,29
A011,2023-11,Other,99
A011,2023-11,Pedestrian Stop,6
A011,2023-11,Property Offense,48
A011,2023-11,Public Order Offense,51
A011,2023-11,Vehicle Stop,96
A011,2023-11,Warrant,10
A011,2023-12,Civil Caretaking,132
A011,2023-12,Offense Against Person,27
A011,2023-12,Other,104
A011,2023-12,Pedestrian Stop,9
A011,2023-12,Property Offense,48
A011,2023-12,Public Order Offense,45
A011,2023-12,Vehicle Stop,94
A011,2023-12,Warrant,7
A011,2024-01,Civil Caretaking,146
A011,2024-01,Offense Against Person,26
A011,2024-01,Other,128
A011,2024-01,Pedestrian Stop,8
A011,2024-01,Property Offense,38
A011,2024-01,Public Order Offense,62
A011,2024-01,Vehicle Stop,90
A011,2024-01,Warrant,11
A011,2024-02,Civil Caretaking,132
A011,2024-02,Offense Against Person,31
A011,2024-02,Other,115
A011,2024-02,Pedestrian Stop,13
A011,2024-02,Property Offense,43
A011,2024-02,Public Order Offense,53
A011,2024-02,Vehicle Stop,91
A011,2024-02,Warrant,8
A011,2024-03,Civil Caretaking,154
A011,2024-03,Offense Against Person,27
A011,2024-03,Other,85
A011,2024-03,Pedestrian Stop,3
A011,2024-03,Property Offense,52
A011,2024-03,Public Order Offense,71
A011,2024-03,Vehicle Stop,99
A011,2024-03,Warrant,16
A011,2024-04,Civil Caretaking,127
A011,2024-04,Offense Against Person,41
A011,2024-04,Other,124
A011,2024-04,Pedestrian Stop,9
A011,2024-04,Property Offense,49
A011,2024-04,Public Order Offense,57
A011,2024-04,Vehicle Stop,79
A011,2024-04,Warrant,10
A011,2024-05,Civil Caretaking,115
A011,2024-05,Offense Against Person,30
A011,2024-05,Other,124
A011,2024-05,Pedestrian Stop,9
A011,2024-05,Property Offense,27
A011,2024-05,Public Order Offense,61
A011,2024-05,Vehicle Stop,89
A011,2024-05,Warrant,6
A011,2024-06,Civil Caretaking,129
A011,2024-06,Offense Against Person,68
A011,2024-06,Other,124
A011,2024-06,Pedestrian Stop,10
A011,2024-06,Property Offense,53
A011,2024-06,Public Order Offense,76
A011,2024-06,Vehicle Stop,93
A011,2024-06,Warrant,16
A011,2024-07,Civil Caretaking,118
A011,2024-07,Offense Against Person,48
A011,2024-07,Other,122
A011,2024-07,Pedestrian Stop,6
A011,2024-07,Property Offense,49
A011,2024-07,Public Order Offense,81
A011,2024-07,Vehicle Stop,88
A011,2024-07,Warrant,13
A011,2024-08,Civil Caretaking,111
A011,2024-08,Offense Against Person,37
A011,2024-08,Other,128
A011,2024-08,Pedestrian Stop,5
A011,2024-08,Property Offense,50
A011,2024-08,Public Order Offense,101
A011,2024-08,Vehicle Stop,70
A011,2024-08,Warrant,6
A011,2024-09,Civil Caretaking,105
A011,2024-09,Offense Against Person,36
A011,2024-09,Other,128
A011,2024-09,Pedestrian Stop,8
A011,2024-09,Property Offense,58
A011,2024-09,Public Order Offense,81
A011,2024-09,Vehicle Stop,88
A011,2024-09,Warrant,5
A011,2024-10,Civil Caretaking,134
A011,2024-10,Offense Against Person,33
A011,2024-10,Other,121
A011,2024-10,Pedestrian Stop,8
A011,2024-10,Property Offense,55
A011,2024-10,Public Order Offense,65
A011,2024-10,Vehicle Stop,83
A011,2024-10,Warrant,7
A011,2024-11,Civil Caretaking,130
A011,2024-11,Offense Against Person,26
A011,2024-11,Other,103
A011,2024-11,Pedestrian Stop,8
A011,2024-11,Property Offense,47
A011,2024-11,Public Order Offense,61
A011,2024-11,Vehicle Stop,86
A011,2024-11,Warrant,9
A011,2024-12,Civil Caretaking,151
A011,2024-12,Offense Against Person,26
A011,2024-12,Other,134
A011,2024-12,Pedestrian Stop,12
A011,2024-12,Property Offense,35
A011,2024-12,Public Order Offense,45
A011,2024-12,Vehicle Stop,85
A011,2024-12,Warrant,7
A011,2025-01,Civil Caretaking,149
A011,2025-01,Offense Against Person,27
A011,2025-01,Other,105
A011,2025-01,Pedestrian Stop,5
A011,2025-01,Property Offense,35
A011,2025-01,Public Order Offense,68
A011,2025-01,Vehicle Stop,80
A011,2025-01,Warrant,14
A011,2025-02,Civil Caretaking,111
A011,2025-02,Offense Against Person,31
A011,2025-02,Other,114
A011,2025-02,Pedestrian Stop,5
A011,2025-02,Property Offense,43
A011,2025-02,Public Order Offense,55
A011,2025-02,Vehicle Stop,63
A011,2025-02,Warrant,11
A011,2025-03,Civil Caretaking,158
A011,2025-03,Offense Against Person,21
A011,2025-03,Other,103
A011,2025-03,Pedestrian Stop,3
A011,2025-03,Property Offense,30
A011,2025-03,Public Order Offense,52
A011,2025-03,Vehicle Stop,82
A011,2025-03,Warrant,8
A011,2025-04,Civil Caretaking,129
A011,2025-04,Offense Against Person,33
A011,2025-04,Other,103
A011,2025-04,Pedestrian Stop,10
A011,2025-04,Property Offense,47
A011,2025-04,Public Order Offense,64
A011,2025-04,Vehicle Stop,100
A011,2025-04,Warrant,9
A011,2025-05,Civil Caretaking,141
A011,2025-05,Offense Against Person,44
A011,2025-05,Other,121
A011,2025-05,Pedestrian Stop,10
A011,2025-05,Property Offense,36
A011,2025-05,Public Order Offense,78
A011,2025-05,Vehicle Stop,83
A011,2025-05,Warrant,14
A011,2025-06,Civil Caretaking,142
A011,2025-06,Offense Against Person,40
A011,2025-06,Other,142
A011,2025-06,Pedestrian Stop,8
A011,2025-06,Property Offense,46
A011,2025-06,Public Order Offense,70
A011,2025-06,Vehicle Stop,87
A011,2025-06,Warrant,5
A011,2025-07,Civil Caretaking,123
A011,2025-07,Offense Against Person,50
A011,2025-07,Other,122
A011,2025-07,Pedestrian Stop,5
A011,2025-07,Property Offense,55
A011,2025-07,Public Order Offense,77
A011,2025-07,Vehicle Stop,94
A011,2025-07,Warrant,10
A011,2025-08,Civil Caretaking,132
A011,2025-08,Offense Against Person,61
A011,2025-08,Other,112
A011,2025-08,Pedestrian Stop,8
A011,2025-08,Property Offense,49
A011,2025-08,Public Order Offense,65
A011,2025-08,Vehicle Stop,101
A011,2025-08,Warrant,8
A011,2025-09,Civil Caretaking,157
A011,2025-09,Offense Against Person,35
A011,2025-09,Other,111
A011,2025-09,Pedestrian Stop,8
A011,2025-09,Property Offense,58
A011,2025-09,Public Order Offense,79
A011,2025-09,Vehicle Stop,83
A011,2025-09,Warrant,7
A011,2025-10,Civil Caretaking,146
A011,2025-10,Offense Against Person,30
A011,2025-10,Other,111
A011,2025-10,Pedestrian Stop,5
A011,2025-10,Property Offense,57
A011,2025-10,Public Order Offense,69
A011,2025-10,Vehicle Stop,134
A011,2025-10,Warrant,9
A011,2025-11,Civil Caretaking,120
A011,2025-11,Offense Against Person,42
A011,2025-11,Other,114
A011,2025-11,Pedestrian Stop,5
A011,2025-11,Property Offense,50
A011,2025-11,Public Order Offense,49
A011,2025-11,Vehicle Stop,77
A011,2025-11,Warrant,12
A011,2025-12,Civil Caretaking,138
A011,2025-12,Offense Against Person,29
A011,2025-12,Other,129
A011,2025-12,Pedestrian Stop,11
A011,2025-12,Property Offense,54
A011,2025-12,Public Order Offense,49
A011,2025-12,Vehicle Stop,91
A011,2025-12,Warrant,13
A011,2026-01,Civil Caretaking,144
A011,2026-01,Offense Against Person,23
A011,2026-01,Other,107
A011,2026-01,Pedestrian Stop,11
A011,2026-01,Property Offense,30
A011,2026-01,Public Order Offense,59
A011,2026-01,Vehicle Stop,90
A011,2026-01,Warrant,10
A011,2026-02,Civil Caretaking,117
A011,2026-02,Offense Against Person,27
A011,2026-02,Other,100
A011,2026-02,Pedestrian Stop,10
A011,2026-02,Property Offense,44
A011,2026-02,Public Order Offense,71
A011,2026-02,Vehicle Stop,74
A011,2026-02,Warrant,9
A011,2026-03,Civil Caretaking,121
A011,2026-03,Offense Against Person,29
A011,2026-03,Other,124
A011,2026-03,Pedestrian Stop,14
A011,2026-03,Property Offense,48
A011,2026-03,Public Order Offense,67
A011,2026-03,Vehicle Stop,90
A011,2026-03,Warrant,11
A011,2026-04,Civil Caretaking,122
A011,2026-04,Offense Against Person,51
A011,2026-04,Other,110
A011,2026-04,Pedestrian Stop,8
A011,2026-04,Property Offense,33
A011,2026-04,Public Order Offense,54
A011,2026-04,Vehicle Stop,73
A011,2026-04,Warrant,13
A011,2026-05,Civil Caretaking,89
A011,2026-05,Offense Against Person,23
A011,2026-05,Other,78
A011,2026-05,Pedestrian Stop,4
A011,2026-05,Property Offense,30
A011,2026-05,Public Order Offense,66
A011,2026-05,Vehicle Stop,59
A011,2026-05,Warrant,6
A011,2026-06,Civil Caretaking,51
A011,2026-06,Offense Against Person,26
A011,2026-06,Other,62
A011,2026-06,Pedestrian Stop,3
A011,2026-06,Property Offense,30
A011,2026-06,Public Order Offense,25
A011,2026-06,Vehicle Stop,52
A011,2026-06,Warrant,6
A012,2019-01,Civil Caretaking,9026
A012,2019-01,Offense Against Person,2158
A012,2019-01,Other,10362
A012,2019-01,Pedestrian Stop,894
A012,2019-01,Property Offense,3715
A012,2019-01,Public Order Offense,4479
A012,2019-01,Vehicle Stop,7747
A012,2019-01,Warrant,775
A012,2019-02,Civil Caretaking,8277
A012,2019-02,Offense Against Person,1948
A012,2019-02,Other,9664
A012,2019-02,Pedestrian Stop,1018
A012,2019-02,Property Offense,3550
A012,2019-02,Public Order Offense,4135
A012,2019-02,Vehicle Stop,6764
A012,2019-02,Warrant,749
A012,2019-03,Civil Caretaking,8390
A012,2019-03,Offense Against Person,2218
A012,2019-03,Other,9589
A012,2019-03,Pedestrian Stop,921
A012,2019-03,Property Offense,3906
A012,2019-03,Public Order Offense,5513
A012,2019-03,Vehicle Stop,7746
A012,2019-03,Warrant,807
A012,2019-04,Civil Caretaking,8882
A012,2019-04,Offense Against Person,2404
A012,2019-04,Other,10966
A012,2019-04,Pedestrian Stop,1149
A012,2019-04,Property Offense,3890
A012,2019-04,Public Order Offense,5726
A012,2019-04,Vehicle Stop,8221
A012,2019-04,Warrant,844
A012,2019-05,Civil Caretaking,8314
A012,2019-05,Offense Against Person,2529
A012,2019-05,Other,10303
A012,2019-05,Pedestrian Stop,1138
A012,2019-05,Property Offense,3814
A012,2019-05,Public Order Offense,5781
A012,2019-05,Vehicle Stop,8233
A012,2019-05,Warrant,870
A012,2019-06,Civil Caretaking,7263
A012,2019-06,Offense Against Person,2854
A012,2019-06,Other,11402
A012,2019-06,Pedestrian Stop,1238
A012,2019-06,Property Offense,4858
A012,2019-06,Public Order Offense,7004
A012,2019-06,Vehicle Stop,9207
A012,2019-06,Warrant,789
A012,2019-07,Civil Caretaking,7154
A012,2019-07,Offense Against Person,3226
A012,2019-07,Other,12040
A012,2019-07,Pedestrian Stop,1286
A012,2019-07,Property Offense,5105
A012,2019-07,Public Order Offense,7679
A012,2019-07,Vehicle Stop,9088
A012,2019-07,Warrant,969
A012,2019-08,Civil Caretaking,8742
A012,2019-08,Offense Against Person,3015
A012,2019-08,Other,10381
A012,2019-08,Pedestrian Stop,1233
A012,2019-08,Property Offense,5571
A012,2019-08,Public Order Offense,6508
A012,2019-08,Vehicle Stop,8674
A012,2019-08,Warrant,849
A012,2019-09,Civil Caretaking,8401
A012,2019-09,Offense Against Person,2699
A012,2019-09,Other,10612
A012,2019-09,Pedestrian Stop,1131
A012,2019-09,Property Offense,4934
A012,2019-09,Public Order Offense,6359
A012,2019-09,Vehicle Stop,8965
A012,2019-09,Warrant,772
A012,2019-10,Civil Caretaking,8874
A012,2019-10,Offense Against Person,2398
A012,2019-10,Other,10025
A012,2019-10,Pedestrian Stop,1113
A012,2019-10,Property Offense,4193
A012,2019-10,Public Order Offense,6015
A012,2019-10,Vehicle Stop,9302
A012,2019-10,Warrant,720
A012,2019-11,Civil Caretaking,9252
A012,2019-11,Offense Against Person,2552
A012,2019-11,Other,9725
A012,2019-11,Pedestrian Stop,1108
A012,2019-11,Property Offense,4314
A012,2019-11,Public Order Offense,5325
A012,2019-11,Vehicle Stop,7626
A012,2019-11,Warrant,731
A012,2019-12,Civil Caretaking,8912
A012,2019-12,Offense Against Person,2166
A012,2019-12,Other,9937
A012,2019-12,Pedestrian Stop,932
A012,2019-12,Property Offense,3514
A012,2019-12,Public Order Offense,4715
A012,2019-12,Vehicle Stop,7836
A012,2019-12,Warrant,696
A012,2020-01,Civil Caretaking,10884
A012,2020-01,Offense Against Person,1904
A012,2020-01,Other,11101
A012,2020-01,Pedestrian Stop,966
A012,2020-01,Property Offense,3652
A012,2020-01,Public Order Offense,4590
A012,2020-01,Vehicle Stop,7364
A012,2020-01,Warrant,717
A012,2020-02,Civil Caretaking,9142
A012,2020-02,Offense Against Person,2160
A012,2020-02,Other,9183
A012,2020-02,Pedestrian Stop,880
A012,2020-02,Property Offense,3812
A012,2020-02,Public Order Offense,5231
A012,2020-02,Vehicle Stop,7683
A012,2020-02,Warrant,760
A012,2020-03,Civil Caretaking,9393
A012,2020-03,Offense Against Person,2220
A012,2020-03,Other,10717
A012,2020-03,Pedestrian Stop,1155
A012,2020-03,Property Offense,3463
A012,2020-03,Public Order Offense,5302
A012,2020-03,Vehicle Stop,7057
A012,2020-03,Warrant,773
A012,2020-04,Civil Caretaking,9035
A012,2020-04,Offense Against Person,2396
A012,2020-04,Other,11050
A012,2020-04,Pedestrian Stop,1001
A012,2020-04,Property Offense,3870
A012,2020-04,Public Order Offense,6312
A012,2020-04,Vehicle Stop,8148
A012,2020-04,Warrant,872
A012,2020-05,Civil Caretaking,8269
A012,2020-05,Offense Against Person,2759
A012,2020-05,Other,9920
A012,2020-05,Pedestrian Stop,1231
A012,2020-05,Property Offense,4205
A012,2020-05,Public Order Offense,6622
A012,2020-05,Vehicle Stop,8637
A012,2020-05,Warrant,768
A012,2020-06,Civil Caretaking,7767
A012,2020-06,Offense Against Person,2832
A012,2020-06,Other,10765
A012,2020-06,Pedestrian Stop,1301
A012,2020-06,Property Offense,4528
A012,2020-06,Public Order Offense,6828
A012,2020-06,Vehicle Stop,8717
A012,2020-06,Warrant,887
A012,2020-07,Civil Caretaking,8195
A012,2020-07,Offense Against Person,2846
A012,2020-07,Other,11254
A012,2020-07,Pedestrian Stop,1326
A012,2020-07,Property Offense,4501
A012,2020-07,Public Order Offense,8037
A012,2020-07,Vehicle Stop,8920
A012,2020-07,Warrant,848
A012,2020-08,Civil Caretaking,8177
A012,2020-08,Offense Against Person,3420
A012,2020-08,Other,10201
A012,2020-08,Pedestrian Stop,1379
A012,2020-08,Property Offense,5185
A012,2020-08,Public Order Offense,6776
A012,2020-08,Vehicle Stop,9160
A012,2020-08,Warrant,806
A012,2020-09,Civil Caretaking,9396
A012,2020-09,Offense Against Person,2907
A012,2020-09,Other,11026
A012,2020-09,Pedestrian Stop,1134
A012,2020-09,Property Offense,5173
A012,2020-09,Public Order Offense,7443
A012,2020-09,Vehicle Stop,8379
A012,2020-09,Warrant,764
A012,2020-10,Civil Caretaking,9482
A012,2020-10,Offense Against Person,2676
A012,2020-10,Other,10635
A012,2020-10,Pedestrian Stop,1080
A012,2020-10,Property Offense,4820
A012,2020-10,Public Order Offense,5208
A012,2020-10,Vehicle Stop,8938
A012,2020-10,Warrant,820
A012,2020-11,Civil Caretaking,8986
A012,2020-11,Offense Against Person,2182
A012,2020-11,Other,10331
A012,2020-11,Pedestrian Stop,1134
A012,2020-11,Property Offense,3837
A012,2020-11,Public Order Offense,5199
A012,2020-11,Vehicle Stop,8168
A012,2020-11,Warrant,802
A012,2020-12,Civil Caretaking,9215
A012,2020-12,Offense Against Person,2068
A012,2020-12,Other,10815
A012,2020-12,Pedestrian Stop,1044
A012,2020-12,Property Offense,4008
A012,2020-12,Public Order Offense,5312
A012,2020-12,Vehicle Stop,8915
A012,2020-12,Warrant,748
A012,2021-01,Civil Caretaking,9719
A012,2021-01,Offense Against Person,1904
A012,2021-01,Other,9684
A012,2021-01,Pedestrian Stop,996
A012,2021-01,Property Offense,3288
A012,2021-01,Public Order Offense,4813
A012,2021-01,Vehicle Stop,7723
A012,2021-01,Warrant,857
A012,2021-02,Civil Caretaking,10014
A012,2021-02,Offense Against Person,2089
A012,2021-02,Other,10569
A012,2021-02,Pedestrian Stop,854
A012,2021-02,Property Offense,3535
A012,2021-02,Public Order Offense,5103
A012,2021-02,Vehicle Stop,7463
A012,2021-02,Warrant,755
A012,2021-03,Civil Caretaking,10112
A012,2021-03,Offense Against Person,2512
A012,2021-03,Other,9505
A012,2021-03,Pedestrian Stop,986
A012,2021-03,Property Offense,4304
A012,2021-03,Public Order Offense,4975
A012,2021-03,Vehicle Stop,8506
A012,2021-03,Warrant,798
A012,2021-04,Civil Caretaking,8745
A012,2021-04,Offense Against Person,2512
A012,2021-04,Other,10625
A012,2021-04,Pedestrian Stop,1175
A012,2021-04,Property Offense,4221
A012,2021-04,Public Order Offense,6296
A012,2021-04,Vehicle Stop,7016
A012,2021-04,Warrant,799
A012,2021-05,Civil Caretaking,8372
A012,2021-05,Offense Against Person,2871
A012,2021-05,Other,12183
A012,2021-05,Pedestrian Stop,1168
A012,2021-05,Property Offense,4485
A012,2021-05,Public Order Offense,7086
A012,2021-05,Vehicle Stop,8289
A012,2021-05,Warrant,907
A012,2021-06,Civil Caretaking,8970
A012,2021-06,Offense Against Person,3085
A012,2021-06,Other,11129
A012,2021-06,Pedestrian Stop,1417
A012,2021-06,Property Offense,4732
A012,2021-06,Public Order Offense,7262
A012,2021-06,Vehicle Stop,8814
A012,2021-06,Warrant,857
A012,2021-07,Civil Caretaking,8233
A012,2021-07,Offense Against Person,3323
A012,2021-07,Other,11896
A012,2021-07,Pedestrian Stop,1212
A012,2021-07,Property Offense,4874
A012,2021-07,Public Order Offense,7341
A012,2021-07,Vehicle Stop,8851
A012,2021-07,Warrant,867
A012,2021-08,Civil Caretaking,8418
A012,2021-08,Offense Against Person,3110
A012,2021-08,Other,10912
A012,2021-08,Pedestrian Stop,1348
A012,2021-08,Property Offense,4643
A012,2021-08,Public Order Offense,8137
A012,2021-08,Vehicle Stop,9733
A012,2021-08,Warrant,751
A012,2021-09,Civil Caretaking,7923
A012,2021-09,Offense Against Person,2808
A012,2021-09,Other,11706
A012,2021-09,Pedestrian Stop,1178
A012,2021-09,Property Offense,4814
A012,2021-09,Public Order Offense,6870
A012,2021-09,Vehicle Stop,9350
A012,2021-09,Warrant,702
A012,2021-10,Civil Caretaking,8869
A012,2021-10,Offense Against Person,2604
A012,2021-10,Other,10656
A012,2021-10,Pedestrian Stop,1088
A012,2021-10,Property Offense,4705
A012,2021-10,Public Order Offense,6736
A012,2021-10,Vehicle Stop,8175
A012,2021-10,Warrant,679
A012,2021-11,Civil Caretaking,8930
A012,2021-11,Offense Against Person,2337
A012,2021-11,Other,10217
A012,2021-11,Pedestrian Stop,1179
A012,2021-11,Property Offense,4435
A012,2021-11,Public Order Offense,5634
A012,2021-11,Vehicle Stop,8061
A012,2021-11,Warrant,762
A012,2021-12,Civil Caretaking,9217
A012,2021-12,Offense Against Person,1924
A012,2021-12,Other,9703
A012,2021-12,Pedestrian Stop,1098
A012,2021-12,Property Offense,3972
A012,2021-12,Public Order Offense,4717
A012,2021-12,Vehicle Stop,7758
A012,2021-12,Warrant,736
A012,2022-01,Civil Caretaking,9765
A012,2022-01,Offense Against Person,1954
A012,2022-01,Other,9275
A012,2022-01,Pedestrian Stop,1082
A012,2022-01,Property Offense,3900
A012,2022-01,Public Order Offense,5484
A012,2022-01,Vehicle Stop,7837
A012,2022-01,Warrant,889
A012,2022-02,Civil Caretaking,8911
A012,2022-02,Offense Against Person,2187
A012,2022-02,Other,10373
A012,2022-02,Pedestrian Stop,1082
A012,2022-02,Property Offense,4040
A012,2022-02,Public Order Offense,4766
A012,2022-02,Vehicle Stop,7925
A012,2022-02,Warrant,812
A012,2022-03,Civil Caretaking,9353
A012,2022-03,Offense Against Person,2631
A012,2022-03,Other,10776
A012,2022-03,Pedestrian Stop,1008
A012,2022-03,Property Offense,4222
A012,2022-03,Public Order Offense,5615
A012,2022-03,Vehicle Stop,8141
A012,2022-03,Warrant,796
A012,2022-04,Civil Caretaking,9431
A012,2022-04,Offense Against Person,2531
A012,2022-04,Other,11456
A012,2022-04,Pedestrian Stop,1088
A012,2022-04,Property Offense,4082
A012,2022-04,Public Order Offense,6341
A012,2022-04,Vehicle Stop,8750
A012,2022-04,Warrant,779
A012,2022-05,Civil Caretaking,8684
A012,2022-05,Offense Against Person,3173
A012,2022-05,Other,10767
A012,2022-05,Pedestrian Stop,1228
A012,2022-05,Property Offense,3981
A012,2022-05,Public Order Offense,7028
A012,2022-05,Vehicle Stop,8998
A012,2022-05,Warrant,921
A012,2022-06,Civil Caretaking,8019
A012,2022-06,Offense Against Person,3327
A012,2022-06,Other,12182
A012,2022-06,Pedestrian Stop,1391
A012,2022-06,Property Offense,4610
A012,2022-06,Public Order Offense,6618
A012,2022-06,Vehicle Stop,8843
A012,2022-06,Warrant,875
A012,2022-07,Civil Caretaking,8346
A012,2022-07,Offense Against Person,2969
A012,2022-07,Other,11753
A012,2022-07,Pedestrian Stop,1288
A012,2022-07,Property Offense,5372
A012,2022-07,Public Order Offense,7951
A012,2022-07,Vehicle Stop,10089
A012,2022-07,Warrant,833
A012,2022-08,Civil Caretaking,8316
A012,2022-08,Offense Against Person,3328
A012,2022-08,Other,11180
A012,2022-08,Pedestrian Stop,1292
A012,2022-08,Property Offense,4499
A012,2022-08,Public Order Offense,6780
A012,2022-08,Vehicle Stop,9055
A012,2022-08,Warrant,782
A012,2022-09,Civil Caretaking,8688
A012,2022-09,Offense Against Person,2898
A012,2022-09,Other,11963
A012,2022-09,Pedestrian Stop,1321
A012,2022-09,Property Offense,4495
A012,2022-09,Public Order Offense,6660
A012,2022-09,Vehicle Stop,8815
A012,2022-09,Warrant,853
A012,2022-10,Civil Caretaking,9230
A012,2022-10,Offense Against Person,2693
A012,2022-10,Other,11386
A012,2022-10,Pedestrian Stop,1151
A012,2022-10,Property Offense,4581
A012,2022-10,Public Order Offense,5704
A012,2022-10,Vehicle Stop,9114
A012,2022-10,Warrant,752
A012,2022-11,Civil Caretaking,9291
A012,2022-11,Offense Against Person,2577
A012,2022-11,Other,11741
A012,2022-11,Pedestrian Stop,1071
A012,2022-11,Property Offense,4464
A012,2022-11,Public Order Offense,6000
A012,2022-11,Vehicle Stop,8514
A012,2022-11,Warrant,728
A012,2022-12,Civil Caretaking,11039
A012,2022-12,Offense Against Person,2463
A012,2022-12,Other,9819
A012,2022-12,Pedestrian Stop,1003
A012,2022-12,Property Offense,3817
A012,2022-12,Public Order Offense,4856
A012,2022-12,Vehicle Stop,8585
A012,2022-12,Warrant,840
A012,2023-01,Civil Caretaking,9732
A012,2023-01,Offense Against Person,2009
A012,2023-01,Other,10184
A012,2023-01,Pedestrian Stop,990
A012,2023-01,Property Offense,3971
A012,2023-01,Public Order Offense,5151
A012,2023-01,Vehicle Stop,8268
A012,2023-01,Warrant,870
A012,2023-02,Civil Caretaking,9601
A012,2023-02,Offense Against Person,2294
A012,2023-02,Other,9514
A012,2023-02,Pedestrian Stop,1001
A012,2023-02,Property Offense,3589
A012,2023-02,Public Order Offense,5296
A012,2023-02,Vehicle Stop,7102
A012,2023-02,Warrant,772
A012,2023-03,Civil Caretaking,10564
A012,2023-03,Offense Against Person,2466
A012,2023-03,Other,9857
A012,2023-03,Pedestrian Stop,1008
A012,2023-03,Property Offense,3450
A012,2023-03,Public Order Offense,6013
A012,2023-03,Vehicle Stop,8201
A012,2023-03,Warrant,877
A012,2023-04,Civil Caretaking,9395
A012,2023-04,Offense Against Person,2467
A012,2023-04,Other,11040
A012,2023-04,Pedestrian Stop,1146
A012,2023-04,Property Offense,4104
A012,2023-04,Public Order Offense,6072
A012,2023-04,Vehicle Stop,7963
A012,2023-04,Warrant,815
A012,2023-05,Civil Caretaking,8559
A012,2023-05,Offense Against Person,2886
A012,2023-05,Other,11106
A012,2023-05,Pedestrian Stop,1330
A012,2023-05,Property Offense,4409
A012,2023-05,Public Order Offense,7068
A012,2023-05,Vehicle Stop,7424
A012,2023-05,Warrant,869
A012,2023-06,Civil Caretaking,9193
A012,2023-06,Offense Against Person,3030
A012,2023-06,Other,11631
A012,2023-06,Pedestrian Stop,1375
A012,2023-06,Property Offense,4437
A012,2023-06,Public Order Offense,7036
A012,2023-06,Vehicle Stop,8974
A012,2023-06,Warrant,944
A012,2023-07,Civil Caretaking,7409
A012,2023-07,Offense Against Person,2980
A012,2023-07,Other,11471
A012,2023-07,Pedestrian Stop,1424
A012,2023-07,Property Offense,5401
A012,2023-07,Public Order Offense,7641
A012,2023-07,Vehicle Stop,9611
A012,2023-07,Warrant,949
A012,2023-08,Civil Caretaking,8787
A012,2023-08,Offense Against Person,3166
A012,2023-08,Other,12618
A012,2023-08,Pedestrian Stop,1352
A012,2023-08,Property Offense,5368
A012,2023-08,Public Order Offense,7472
A012,2023-08,Vehicle Stop,9100
A012,2023-08,Warrant,802
A012,2023-09,Civil Caretaking,8417
A012,2023-09,Offense Against Person,3100
A012,2023-09,Other,11240
A012,2023-09,Pedestrian Stop,1350
A012,2023-09,Property Offense,4680
A012,2023-09,Public Order Offense,7486
A012,2023-09,Vehicle Stop,10255
A012,2023-09,Warrant,795
A012,2023-10,Civil Caretaking,8089
A012,2023-10,Offense Against Person,2669
A012,2023-10,Other,11236
A012,2023-10,Pedestrian Stop,1231
A012,2023-10,Property Offense,4814
A012,2023-10,Public Order Offense,6794
A012,2023-10,Vehicle Stop,8387
A012,2023-10,Warrant,771
A012,2023-11,Civil Caretaking,8360
A012,2023-11,Offense Against Person,2479
A012,2023-11,Other,11980
A012,2023-11,Pedestrian Stop,1119
A012,2023-11,Property Offense,4431
A012,2023-11,Public Order Offense,4890
A012,2023-11,Vehicle Stop,8347
A012,2023-11,Warrant,855
A012,2023-12,Civil Caretaking,9533
A012,2023-12,Offense Against Person,2022
A012,2023-12,Other,10789
A012,2023-12,Pedestrian Stop,1094
A012,2023-12,Property Offense,4320
A012,2023-12,Public Order Offense,5719
A012,2023-12,Vehicle Stop,8306
A012,2023-12,Warrant,837
A012,2024-01,Civil Caretaking,10359
A012,2024-01,Offense Against Person,2099
A012,2024-01,Other,10698
A012,2024-01,Pedestrian Stop,965
A012,2024-01,Property Offense,4118
A012,2024-01,Public Order Offense,5153
A012,2024-01,Vehicle Stop,8304
A012,2024-01,Warrant,773
A012,2024-02,Civil Caretaking,9953
A012,2024-02,Offense Against Person,2328
A012,2024-02,Other,11039
A012,2024-02,Pedestrian Stop,1080
A012,2024-02,Property Offense,4058
A012,2024-02,Public Order Offense,4924
A012,2024-02,Vehicle Stop,7968
A012,2024-02,Warrant,828
A012,2024-03,Civil Caretaking,10935
A012,2024-03,Offense Against Person,2236
A012,2024-03,Other,10938
A012,2024-03,Pedestrian Stop,978
A012,2024-03,Property Offense,3979
A012,2024-03,Public Order Offense,5371
A012,2024-03,Vehicle Stop,8624
A012,2024-03,Warrant,850
A012,2024-04,Civil Caretaking,8602
A012,2024-04,Offense Against Person,2543
A012,2024-04,Other,11487
A012,2024-04,Pedestrian Stop,1262
A012,2024-04,Property Offense,3789
A012,2024-04,Public Order Offense,5729
A012,2024-04,Vehicle Stop,7599
A012,2024-04,Warrant,840
A012,2024-05,Civil Caretaking,8526
A012,2024-05,Offense Against Person,3168
A012,2024-05,Other,11201
A012,2024-05,Pedestrian Stop,1261
A012,2024-05,Property Offense,4557
A012,2024-05,Public Order Offense,6987
A012,2024-05,Vehicle Stop,8128
A012,2024-05,Warrant,865
A012,2024-06,Civil Caretaking,7893
A012,2024-06,Offense Against Person,3459
A012,2024-06,Other,13925
A012,2024-06,Pedestrian Stop,1377
A012,2024-06,Property Offense,5322
A012,2024-06,Public Order Offense,7225
A012,2024-06,Vehicle Stop,8763
A012,2024-06,Warrant,930
A012,2024-07,Civil Caretaking,8412
A012,2024-07,Offense Against Person,3188
A012,2024-07,Other,12175
A012,2024-07,Pedestrian Stop,1437
A012,2024-07,Property Offense,5091
A012,2024-07,Public Order Offense,7910
A012,2024-07,Vehicle Stop,10115
A012,2024-07,Warrant,826
A012,2024-08,Civil Caretaking,8385
A012,2024-08,Offense Against Person,3202
A012,2024-08,Other,10960
A012,2024-08,Pedestrian Stop,1331
A012,2024-08,Property Offense,5144
A012,2024-08,Public Order Offense,7762
A012,2024-08,Vehicle Stop,9503
A012,2024-08,Warrant,770
A012,2024-09,Civil Caretaking,8410
A012,2024-09,Offense Against Person,2987
A012,2024-09,Other,11648
A012,2024-09,Pedestrian Stop,1348
A012,2024-09,Property Offense,5565
A012,2024-09,Public Order Offense,6928
A012,2024-09,Vehicle Stop,9300
A012,2024-09,Warrant,820
A012,2024-10,Civil Caretaking,8746
A012,2024-10,Offense Against Person,2606
A012,2024-10,Other,10368
A012,2024-10,Pedestrian Stop,1138
A012,2024-10,Property Offense,5215
A012,2024-10,Public Order Offense,7041
A012,2024-10,Vehicle Stop,9635
A012,2024-10,Warrant,785
A012,2024-11,Civil Caretaking,9822
A012,2024-11,Offense Against Person,2426
A012,2024-11,Other,12033
A012,2024-11,Pedestrian Stop,1094
A012,2024-11,Property Offense,4701
A012,2024-11,Public Order Offense,5247
A012,2024-11,Vehicle Stop,8373
A012,2024-11,Warrant,865
A012,2024-12,Civil Caretaking,10387
A012,2024-12,Offense Against Person,2234
A012,2024-12,Other,11322
A012,2024-12,Pedestrian Stop,1025
A012,2024-12,Property Offense,4246
A012,2024-12,Public Order Offense,5167
A012,2024-12,Vehicle Stop,8218
A012,2024-12,Warrant,730
A012,2025-01,Civil Caretaking,9200
A012,2025-01,Offense Against Person,2126
A012,2025-01,Other,10407
A012,2025-01,Pedestrian Stop,1225
A012,2025-01,Property Offense,3981
A012,2025-01,Public Order Offense,5291
A012,2025-01,Vehicle Stop,8689
A012,2025-01,Warrant,876
A012,2025-02,Civil Caretaking,9161
A012,2025-02,Offense Against Person,2371
A012,2025-02,Other,9620
A012,2025-02,Pedestrian Stop,958
A012,2025-02,Property Offense,3734
A012,2025-02,Public Order Offense,5067
A012,2025-02,Vehicle Stop,7705
A012,2025-02,Warrant,960
A012,2025-03,Civil Caretaking,10207
A012,2025-03,Offense Against Person,2566
A012,2025-03,Other,11059
A012,2025-03,Pedestrian Stop,1064
A012,2025-03,Property Offense,4180
A012,2025-03,Public Order Offense,5639
A012,2025-03,Vehicle Stop,7376
A012,2025-03,Warrant,966
A012,2025-04,Civil Caretaking,8769
A012,2025-04,Offense Against Person,2987
A012,2025-04,Other,12114
A012,2025-04,Pedestrian Stop,1296
A012,2025-04,Property Offense,4538
A012,2025-04,Public Order Offense,6174
A012,2025-04,Vehicle Stop,8672
A012,2025-04,Warrant,811
A012,2025-05,Civil Caretaking,8711
A012,2025-05,Offense Against Person,3058
A012,2025-05,Other,11907
A012,2025-05,Pedestrian Stop,1162
A012,2025-05,Property Offense,4815
A012,2025-05,Public Order Offense,6972
A012,2025-05,Vehicle Stop,8477
A012,2025-05,Warrant,998
A012,2025-06,Civil Caretaking,8170
A012,2025-06,Offense Against Person,2999
A012,2025-06,Other,11256
A012,2025-06,Pedestrian Stop,1426
A012,2025-06,Property Offense,4928
A012,2025-06,Public Order Offense,7064
A012,2025-06,Vehicle Stop,9719
A012,2025-06,Warrant,900
A012,2025-07,Civil Caretaking,9019
A012,2025-07,Offense Against Person,3823
A012,2025-07,Other,12622
A012,2025-07,Pedestrian Stop,1473
A012,2025-07,Property Offense,5172
A012,2025-07,Public Order Offense,7242
A012,2025-07,Vehicle Stop,10284
A012,2025-07,Warrant,914
A012,2025-08,Civil Caretaking,7932
A012,2025-08,Offense Against Person,3623
A012,2025-08,Other,14073
A012,2025-08,Pedestrian Stop,1286
A012,2025-08,Property Offense,5532
A012,2025-08,Public Order Offense,7583
A012,2025-08,Vehicle Stop,9629
A012,2025-08,Warrant,905
A012,2025-09,Civil Caretaking,8839
A012,2025-09,Offense Against Person,3204
A012,2025-09,Other,12008
A012,2025-09,Pedestrian Stop,1335
A012,2025-09,Property Offense,5636
A012,2025-09,Public Order Offense,7610
A012,2025-09,Vehicle Stop,9653
A012,2025-09,Warrant,845
A012,2025-10,Civil Caretaking,10294
A012,2025-10,Offense Against Person,2651
A012,2025-10,Other,10742
A012,2025-10,Pedestrian Stop,1271
A012,2025-10,Property Offense,5373
A012,2025-10,Public Order Offense,6241
A012,2025-10,Vehicle Stop,9415
A012,2025-10,Warrant,814
A012,2025-11,Civil Caretaking,10041
A012,2025-11,Offense Against Person,2311
A012,2025-11,Other,10129
A012,2025-11,Pedestrian Stop,1089
A012,2025-11,Property Offense,4617
A012,2025-11,Public Order Offense,5581
A012,2025-11,Vehicle Stop,9154
A012,2025-11,Warrant,761
A012,2025-12,Civil Caretaking,10125
A012,2025-12,Offense Against Person,2317
A012,2025-12,Other,10925
A012,2025-12,Pedestrian Stop,1038
A012,2025-12,Property Offense,4125
A012,2025-12,Public Order Offense,4911
A012,2025-12,Vehicle Stop,8029
A012,2025-12,Warrant,815
A012,2026-01,Civil Caretaking,10346
A012,2026-01,Offense Against Person,2208
A012,2026-01,Other,9828
A012,2026-01,Pedestrian Stop,947
A012,2026-01,Property Offense,4009
A012,2026-01,Public Order Offense,4916
A012,2026-01,Vehicle Stop,8079
A012,2026-01,Warrant,963
A012,2026-02,Civil Caretaking,9742
A012,2026-02,Offense Against Person,2220
A012,2026-02,Other,10172
A012,2026-02,Pedestrian Stop,1066
A012,2026-02,Property Offense,3633
A012,2026-02,Public Order Offense,5270
A012,2026-02,Vehicle Stop,7752
A012,2026-02,Warrant,954
A012,2026-03,Civil Caretaking,8521
A012,2026-03,Offense Against Person,2397
A012,2026-03,Other,10128
A012,2026-03,Pedestrian Stop,1153
A012,2026-03,Property Offense,3814
A012,2026-03,Public Order Offense,5566
A012,2026-03,Vehicle Stop,8498
A012,2026-03,Warrant,1003
A012,2026-04,Civil Caretaking,9243
A012,2026-04,Offense Against Person,2970
A012,2026-04,Other,11374
A012,2026-04,Pedestrian Stop,1161
A012,2026-04,Property Offense,4412
A012,2026-04,Public Order Offense,5334
A012,2026-04,Vehicle Stop,7996
A012,2026-04,Warrant,918
A012,2026-05,Civil Caretaking,6850
A012,2026-05,Offense Against Person,2034
A012,2026-05,Other,7813
A012,2026-05,Pedestrian Stop,935
A012,2026-05,Property Offense,3126
A012,2026-05,Public Order Offense,4669
A012,2026-05,Vehicle Stop,6352
A012,2026-05,Warrant,734
A012,2026-06,Civil Caretaking,4137
A012,2026-06,Offense Against Person,1682
A012,2026-06,Other,5193
A012,2026-06,Pedestrian Stop,632
A012,2026-06,Property Offense,2201
A012,2026-06,Public Order Offense,3470
A012,2026-06,Vehicle Stop,4044
A012,2026-06,Warrant,399
